rank,team_id,team,,tier,hltv_id,slug
1,31232,vitality,,1,9565,vitality
2,23976,furia,,1,8297,furia
3,41713,falcons,,1,11283,falcons
4,7395,mouz,,1,4494,mouz
5,14371,faze,,1,6667,faze
6,12712,the-mongolz,,1.5,6248,the-mongolz
7,7397,NAVI,,1.5,4608,natus-vincere
8,17049,spirit,,1.5,7020,spirit
9,46364,aurora,,1.5,11861,aurora
10,10804,g2,,1.5,5995,g2
11,13976,astralis,,2,6665,astralis
12,41344,b8,,2,11241,b8
13,7399,3dmax,,2,4914,3dmax
14,18299,pain,,2,4773,pain
15,10561,liquid,,2,5973,liquid
16,50936,passion ua,,2,12426,passion-ua
17,50554,legacy,,2,12468,legacy
18,51139,parivision,,2,12467,parivision
19,18052,heroic,,2,7175,heroic
20,34811,saw,,2,10567,saw
21,30789,imperial,,2,9455,imperial
22,32784,gamerlegion,,2,9928,gamerlegion
23,7455,virtuspro,,2,5378,virtuspro
24,7384,ninjas in pajamas,,2,4411,ninjas-in-pyjamas
25,50187,m80,,3,12376,m80
26,,Gentle Mates,,3,13404,gentle-mates
27,56412,fut,,3,13286,FUT
28,25206,lynn vision,,3,8840,lynn-vision
29,7386,fnatic,,3,4991,fnatic
30,53296,flyquest,,3,12774,flyquest
31,8612,tyloo,,3,4863,tyloo
31,53727,tnl,,3,12833,tnl
32,50512,betboom,,3,12394,betboom
33,45462,eyeballers,,3,11737,eyeballers
34,14391,nrg,,3,6673,nrg
35,46300,fluxo,,3,11837,fluxo
36,44353,hotu,,3,11581,hotu
37,28921,ecstatic,,3,11419,ecstatic
38,50580,cybershoke,,3,12380,cybershoke
39,55488,inner circle,,3,13117,inner-circle
40,42156,monte,,3,11811,monte
41,7411,ence,,3,4869,ence
41,45682,oddik,,3,11768,oddik
42,,oramond,,3,13470,oramond
43,23347,sharks,,3,8113,sharks
44,54156,k27,,3,12895,k27
45,51068,alliance,,3,12474,alliance
46,49456,wildcard,,3,12257,wildcard
46,50910,betera,,3,12431,betera
47,34628,og,,3,10503,og
48,51379,the huns,,3,12510,the-huns
48,54091,bcgame,,3,12878,bcgame
49,,nuclear tigeRES,,3,13027,nuclear-tigeres
50,19832,big,,3,7532,big
51,,skinrave,,3,13414,skinrave
51,,acend,,3,13518,acend
52,43151,zero tenacity,,3,11523,zero-tenacity
52,,friendly campers,,3,13547,friendly-campers
53,55489,marsborne,,3,13124,marsborne
54,,venom,,3,13419,venom
54,38630,partizan,,3,11838,partizan
55,20931,rare atom,,3,11514,rare-atom
56,45515,sashi,,3,11712,sashi
57,21911,nemiga,,3,7969,nemiga
58,7428,esc,,3,4532,esc
59,34246,9ine,,3,10278,9ine
59,33074,9z,,3,9996,9z
60,34813,sinners,,3,10577,sinners
61,13098,reason,,3,4822,reason
61,,am,,3,,
62,29956,mibr,,3,9215,mibr
62,48503,bestia,,3,12144,bestia
63,,illwill,,3,13501,illwill
64,36561,vp prodigy,,4,10864,vpprodigy
64,27796,red canids,,4,7176,red-canids
65,37481,genone,,4,11609,genone
66,56567,tpudcatb tpu,,4,13297,tpudcatb-tpu
66,51074,gun5,,4,12471,gun5
67,19753,spirit academy,,4,7900,spirit-academy
68,29320,sangal,,4,10333,sangal
69,56044,sparta,,4,13214,sparta
70,14987,aimclub,,4,6810,aimclub
70,54513,fire flux,,4,12960,fire-flux
71,54530,shinden,,4,12959,shinden
71,,33,,4,13297,33
72,52136,johnny speeds,,4,12604,johnny-speeds
72,54225,betclic,,4,12916,betclic
73,47288,500,,4,12000,500
74,51709,chinggis warriors,,4,12646,chinggis-warriors
75,41472,lag ,,4,11955,lag
75,8742,tricked,,4,4602,tricked
76,,change the game,,4,13175,change-the-game
77,55433,getting info,,4,13106,getting-info
77,21570,nexus,,4,7187,nexus
78,41526,eternal fire,,4,11251,eternal-fire
78,,mouz nxt,,4,11176,mouz-nxt
79,55745,novaq,,4,13178,novaq
80,26009,ex-w7m,,4,13288,ex-w7m
80,41787,metizport,,4,11641,metizport
81,50433,bounty hunters,,4,12776,bounty-hunters
82,55338,chicken coop ,,4,13107,chicken-coop
82,35128,1win,,4,10621,1win
83,31451,aab,,4,9621,aab
83,52236,galorys,,4,12677,galorys
84,55263,eruption,,4,12097,eruption
84,33807,jijiehao,,4,10245,jijiehao
85,51282,dusty roots,,4,12548,dusty-roots
85,,fingers crossed,,4,13466,fingers-crossed
86,,gaimin gladiators,,4,11571,gaimin-gladiators
87,51663,boss,,4,12534,boss
87,48042,lazer cats,,4,12087,lazer-cats
88,56042,phantom,,4,13173,phantom
89,53797,forze reload,,4,12857,forze-reload
90,34444,arcred,,4,10459,arcred
90,56055,heroic academy,,4,13233,heroic-academy
91,52363,ruby,,4,12694,ruby
92,51551,2game,,4,12491,2game
92,,voca,,4,13499,voca
93,49772,leo,,4,11446,leo
94,54531,game hunters,,4,12988,gamehunters
94,53726,favbet,,4,12818,favbet
95,,hawaii,,4,13378,hawaii
95,,deep cross,,4,13527,deep-cross
96,29314,astral,,4,13333,astral
97,56738,kaleido,,4,13331,kaleido
98,10897,keyd stars,,4,6033,keyd-stars
98,52220,amkal,,4,12586,amkal
99,,reign above,,4,13425,reign-above
100,54152,g2 ares,,4,12889,g2-ares
101,22250,CPH wolves,,4,4548,cph-wolves
101,51871,hypewrld,,4,12570,hypewrld
102,54344,ww,,4,12967,ww
103,,mavrek,,4,13533,mavrek
105,44760,take flyte,,4,11660,take-flyte
106,44368,ihc ,,4,11585,ihc
108,,max,,4,13435,max
109,56957,aspyre,,4,13358,aspyre
110,,krÜ,,4,10900,kr
112,54285,semperfi,,4,12901,semperfi
113,56916,senza,,4,13352,senza
114,18653,fish123,,4,6298,fish123
116,,shinigami,,4,12420,shinigami
117,,overpeek,,4,13391,overpeek
119,33901,m1x,,4,7376,m1x
120,,hindsight,,4,13395,hindsight
121,52443,kono,,4,12858,kono
123,54944,mana,,4,13310,mana
124,,ex galorys,,4,13415,ex-galorys
125,,UR,,4,13116,UR
128,,last bullet,,4,13433,last-bullet
130,56181,legacy kingdom,,4,13356,legacy-kingdom
131,32563,rooster,,4,9881,rooster
134,,anything else,,4,13206,anything-else
135,,peekaboo,,4,13393,peekaboo
136,55200,way2go,,4,13080,way2go
139,,the qube,,4,12825,the-qube
141,55518,wildcard academy,,4,13127,wildcard-academy
142,56341,bushido wildcats,,4,13281,bushido-wildcats
144,,lithuanian wolves,,4,13182,lithuanian-wolves
145,,alter ego,,4,9958,alter-ego
146,51226,hyperspirit,,4,13012,hyperspirit
147,,just swing,,4,13053,just-swing
148,54180,aether,,4,12908,aether
150,49463,mousquetaires,,4,13251,mousquetaires
151,,khan,,4,11175,khan
152,55751,algo,,4,13163,algo
153,,bdb,,4,13400,bdb
155,31183,big academy,,4,10254,big-academy
158,,vasco,,4,13413,vasco
159,46410,wahwah,,4,11878,wahwah
163,40104,insilio,,4,12124,insilio
164,9402,mythic,,4,5479,mythic
165,29873,prestige,,4,13159,prestige
166,46244,yawara,,4,11933,yawara
169,53936,boring players,,4,12948,boring-players
170,17954,extalon,,4,13212,ex-talon
171,53381,wopa,,4,12787,wopa
172,56422,outfit 49,,4,13294,outfit-49
176,40525,eclot,,4,7441,eclot
179,25705,ground zero,,4,8536,ground-zero
182,48765,kzg,,4,12152,kzg
183,36545,masonic,,5,10867,masonic
192,34049,fury,,5,10299,fury
195,37232,young ninjas,,5,10960,young-ninjas
197,54332,wanted goons,,5,12971,wanted-goons
198,53038,rustec,,5,12834,rustec
199,,dripmen,,5,11553,dripmen
201,26001,brute,,5,9139,brute
202,49308,mindfreak,,5,11668,mindfreak
206,28901,xi,,5,8947,xi
210,48763,aurora young blud,,5,12366,aurora-young-blud
211,24405,minlate,,5,6626,minlate
219,41565,mibr academy,,5,3044,mibr-academy
226,55761,magicos,,5,13265,magicos
227,46835,pain academy,,5,11905,pain-academy
229,45374,big equipa,,5,11718,big-equipa
231,41754,glitchtech,,5,13285,glitchtech
245,55741,basement boys,,5,13181,basement-boys
257,54382,red canids academy,,5,13029,red-canids-academy
9999,8604,complexity,,5,5005,complexity
9999,34199,NAVI junior,,5,10371,navi-junior
9999,46407,9pandas,,5,11883,9-pandas
9999,55402,iberian soul,,5,13104,iberian-soul
9999,36342,furia-fe,,5,10976,furia-fe
9999,51462,rush B,,5,12559,rush-b
9999,48030,kubix,,5,,
9999,49214,solid,,5,,
9999,46690,nouns,,5,11948,nouns
9999,56066,astrum,,5,13235,astrum
9999,9240,bluejays,,5,5347,bluejays
9999,55490,swingers,,5,,
9999,32468,party astronauts,,5,8038,party-astronauts
9999,22622,ex pain gaming,,5,,
9999,52207,rebels,,5,12642,rebels
9999,7398,alternate attax,,5,,
9999,55742,wild lotus,,5,13184,wildlotus
9999,9011,elevate,,5,5775,elevate
9999,48247,flamengo,,5,12065,flamengo
9999,52145,vagrants,,5,,
9999,53608,allinners,,5,12812,allinners
9999,55622,dogevil,,5,,
9999,55678,supernova comets,,5,13146,supernova-comets
9999,56395,omemo,,5,,
9999,56595,babag,,5,,
9999,56598,mouse,,5,,
9999,56600,sportsbetexpert,,5,,
9999,56782,kolesie,,5,,
9999,33844,imperial female,,5,,
9999,55636,hesta,,5,13153,hesta
9999,55831,anything-else,,5,,
9999,55924,lfo-4,,5,,
9999,56205,ex-astralis-talent,,5,,
9999,56414,eco-sh6afeh,,5,,
9999,56475,eucl-prodigies,,5,,
9999,56605,firesale,,5,,
9999,56860,ex-natus-vincere-junior,,5,,
9999,8655,entity,,5,,
9999,37434,mibr female,,5,,
9999,47432,permitta,,5,,
9999,49815,flyquest red,,5,12301,flyquest-red
9999,54013,rosy,,5,,
9999,55988,scarx,,5,,
9999,56240,famx,,5,,
9999,56609,acez,,5,,
9999,56612,phantom sense,,5,,
9999,34996,rhyno,,5,10947,rhyno
9999,36904,honved,,5,,
9999,39339,benched,,5,,
9999,49748,NIP impact,,5,11917,nip-impact
9999,54563,ak bars,,5,,
9999,54981,flowstate,,5,,
9999,55952,my dads rich,,5,,
9999,56281,pajuris,,5,,
9999,56319,perplexity,,5,,
9999,56657,undr x ntr,,5,,
9999,39188,o plano,,5,,
9999,41812,kappa bar,,5,,
9999,54124,underrated,,5,,
9999,54300,lumen,,5,,
9999,55587,prototype-blaze,,5,,
9999,55616,black-mold,,5,,
9999,55992,daaku,,5,,
9999,56052,ex-leon-esports,,5,,
9999,56111,crashout,,5,,
9999,56458,cswalkers,,5,,
9999,56685,zazaa,,5,,
9999,14365,fluffy-gangsters,,5,,
9999,35127,100pinggods,,5,,
9999,36453,come-mid,,5,,
9999,36583,wings-up-gaming,,5,10851,wings-up
9999,44076,bad-news-eagles,,5,,
9999,44523,lf0,,5,,
9999,47675,1win,,5,,
9999,53699,5goblinz,,5,,
9999,53710,lanchouba,,5,,
9999,54083,1lezyskibidi,,5,,
9999,54295,regnum4games,,5,,
9999,54775,privateshow,,5,,
9999,55259,adventurers,,5,,
9999,55286,le%C3%A7a-fc-esports,,5,,
9999,55337,old,,5,,
9999,55362,chill-guys,,5,,
9999,55484,gardengarage,,5,,
9999,55890,anime-avatars,,5,,
9999,55894,bannda,,5,,
9999,55898,dancompany,,5,,
9999,55909,roler-coaster,,5,,
9999,55927,1jin,,5,,
9999,55940,baiting-noiro,,5,,
9999,55942,la-glazers,,5,,
9999,56077,lfo,,5,,
9999,56180,nomoney,,5,,
9999,56244,bankai,,5,,
9999,56460,the-fellas,,5,,
9999,56568,teamsolmanmidac,,5,,
9999,56682,the-continental,,5,,
9999,56744,yoyo-esports,,5,,
9999,56836,tsg,,5,,
9999,9064,team-slovakia,,5,,
9999,9494,bravado,,5,5158,bravado
9999,29346,team-australia,,5,,
9999,33960,legion,,5,,
9999,38576,0to100,,5,,
9999,40448,mouz-nxt,,5,,
9999,46523,xravel,,5,,
9999,51754,adalyamigos,,5,,
9999,53343,dms,,5,,
9999,53818,myskill,,5,,
9999,53904,one-hit-wonders,,5,,
9999,55136,truck-drivers,,5,,
9999,55415,blahaj,,5,,
9999,55452,all-or-nothing,,5,,
9999,55618,shika,,5,,
9999,55866,desemprego,,5,,
9999,55921,flat-earth,,5,,
9999,55929,dotstats,,5,,
9999,55967,informmix,,5,,
9999,56382,28avgage,,5,,
9999,56386,hassle-x-cskejsaren,,5,,
9999,56416,oxingame-esport,,5,,
9999,56610,m0n-t3rs,,5,,
9999,56611,perfectsymphony,,5,,
9999,56617,lynx,,5,,
9999,56619,chamypl,,5,,
9999,56701,desempregueidos,,5,,
9999,56737,virtual-grounds,,5,,
9999,56908,daglovesfatties,,5,,
9999,7383,deathdemonmurderers,,5,,
9999,7403,meet-your-makers,,5,,
9999,8088,kripsing,,5,,
9999,8529,to-be-decided1-cs,,5,,
9999,8530,infected,,5,,
9999,8562,to-be-decided2-cs,,5,,
9999,8797,team-menace-cs,,5,,
9999,8807,litt-up,,5,,
9999,8812,ssrcg,,5,,
9999,8813,xxx-philippines,,5,,
9999,8834,crown-gaming-society,,5,,
9999,8835,since2k,,5,,
9999,8837,xxmlg360xx,,5,,
9999,8872,xbyte,,5,,
9999,8998,burak-bozok,,5,,
9999,9059,team-denmark,,5,,
9999,9060,team-latvia,,5,,
9999,9067,team-germany,,5,,
9999,9070,team-sweden,,5,,
9999,9073,team-czech-republic,,5,,
9999,9083,team-poland,,5,,
9999,9097,vitality-gaming,,5,,
9999,9102,nothing-to-lose,,5,,
9999,9106,invasion-e-sports,,5,,
9999,9111,ancient-warriors,,5,,
9999,9141,five-kings,,5,,
9999,9165,awpersunite,,5,,
9999,9166,rurogrande-multigaming,,5,,
9999,9175,xpire-gaming,,5,,
9999,9179,power-plant,,5,,
9999,9187,hiad,,5,,
9999,9190,beecroft,,5,,
9999,9207,mygamept,,5,,
9999,9210,the-pros,,5,,
9999,9211,team-degenx,,5,,
9999,9213,grindtime-gaming,,5,,
9999,9221,opera-es-especiais-portugal,,5,,
9999,9222,electronic-grizzly,,5,,
9999,9225,thefrozenbears,,5,,
9999,9233,nover-gamers,,5,,
9999,9234,reload-skills,,5,,
9999,9250,mbitious,,5,,
9999,9267,dakury,,5,,
9999,9276,onsomeshit,,5,,
9999,9278,aaaaaatttttt,,5,,
9999,9282,team-exordium,,5,,
9999,9286,whisper-netcs,,5,,
9999,9291,macbayt-5,,5,,
9999,9292,vipers,,5,,
9999,9293,red-horse-extra-large-face-rapers,,5,,
9999,9299,dike,,5,,
9999,9302,team-eagle,,5,,
9999,9305,e4us,,5,,
9999,9315,infrag-esports,,5,,
9999,9320,loosersplayinggood,,5,,
9999,9321,testteam2123,,5,,
9999,9328,faroe-islands,,5,,
9999,9358,xtreme-camping,,5,,
9999,9363,major-league-citrus,,5,,
9999,9366,owngamers,,5,,
9999,9370,figureeight,,5,,
9999,9414,swarmrobotics,,5,,
9999,9433,team-foxtrot,,5,,
9999,9439,vietnam-new-team-cs-go,,5,,
9999,9440,virtual-gaming-style,,5,,
9999,9446,bloody-wolves,,5,,
9999,9448,the3n19ma,,5,,
9999,9451,norwegiannoobs,,5,,
9999,9454,teamhomehero,,5,,
9999,9455,prankzters-trickzters,,5,,
9999,9457,crunch-cs,,5,,
9999,9462,some-luck,,5,,
9999,9467,team-skull,,5,,
9999,9476,russianunionone,,5,,
9999,9480,komitet-powitalny,,5,,
9999,9484,mydesire-esports,,5,,
9999,9507,psycho-tuga,,5,,
9999,9541,beg-n-gam-ng,,5,,
9999,9553,kvabot,,5,,
9999,9556,team-omicron,,5,,
9999,9557,task-force-alpha-official,,5,,
9999,9565,uturnsquad,,5,,
9999,9566,r-volution-digital,,5,,
9999,9572,byn,,5,,
9999,9573,1st-helix-regiment,,5,,
9999,9574,hullut-idiootit,,5,,
9999,9596,exabyte,,5,,
9999,9598,gv-gravity,,5,,
9999,9599,team-london-lions-gaming,,5,,
9999,9600,bitr,,5,,
9999,9601,eco-fans,,5,,
9999,9602,teamrimcross,,5,,
9999,9603,austin,,5,,
9999,9619,fantasyfive,,5,,
9999,9620,lizards-portuguese-clan,,5,,
9999,9634,proofgangers,,5,,
9999,9658,proofgruq,,5,,
9999,9675,optimum-pro,,5,,
9999,9680,team-plane,,5,,
9999,9684,neter-line,,5,,
9999,9687,patacute-s-gaming,,5,,
9999,9688,kl1k,,5,,
9999,9690,weaponmasters,,5,,
9999,9694,cycol-esports,,5,,
9999,9695,gucci-and-the-hardly-boys,,5,,
9999,9697,wicked-eagles,,5,,
9999,9702,to-be-decided3-cs,,5,,
9999,9730,holored,,5,,
9999,9731,dreamfrags,,5,,
9999,9754,shadowstep,,5,,
9999,9756,nova-killers,,5,,
9999,9822,maximum-randomized-terror,,5,,
9999,9874,nordic-tigers,,5,,
9999,9879,the-death-egg,,5,,
9999,9939,cloudburst,,5,,
9999,9964,spliffit-danish,,5,,
9999,10020,mysticgaming,,5,,
9999,10058,jlkkl,,5,,
9999,10092,turkeynecks,,5,,
9999,10182,cky,,5,,
9999,10188,hectic-gaming,,5,,
9999,10214,xi-geforce-esports,,5,,
9999,10215,silm-l-k-rit-cs,,5,,
9999,10245,team-underworld,,5,,
9999,10253,its-nothing-personal,,5,,
9999,10254,justsayl0l,,5,,
9999,10257,bitange,,5,,
9999,10260,crazy-effect,,5,,
9999,10262,latvian-skirmishers,,5,,
9999,10270,team-oxigen-csgo,,5,,
9999,10273,borntoeat,,5,,
9999,10375,repeated-game,,5,,
9999,10394,pixel-panthers-sports,,5,,
9999,10449,a-m-r-a-k,,5,,
9999,10469,pandas-koalas,,5,,
9999,10477,cobb-gaming,,5,,
9999,10486,detroit-alley-weed,,5,,
9999,10490,raxev,,5,,
9999,10491,naturallyterriblegaming,,5,,
9999,10502,vkthax,,5,,
9999,10511,vadax,,5,,
9999,10517,ryo,,5,,
9999,10522,2dhax,,5,,
9999,10523,tixer,,5,,
9999,10524,nordic-noodles,,5,,
9999,10531,team-kishi-kaisei,,5,,
9999,10542,null-wire,,5,,
9999,10548,limitless-esports-gaming,,5,,
9999,10551,skill-nukerz,,5,,
9999,10559,vikingz,,5,,
9999,10568,de-troyers,,5,,
9999,10570,salo-tactics,,5,,
9999,10572,hedgehog-ninjas,,5,,
9999,10573,killerrat,,5,,
9999,10579,aon,,5,,
9999,10582,simply-batty,,5,,
9999,10588,team-artefix,,5,,
9999,10589,angys,,5,,
9999,10590,tygers-esports-team,,5,,
9999,10599,wavelength-eu,,5,,
9999,10601,nd-redcode,,5,,
9999,10613,orcus-pro,,5,,
9999,10624,emilijus,,5,,
9999,10627,x-warriors,,5,,
9999,10630,made-in-malaysia,,5,,
9999,10631,comrades4,,5,,
9999,10646,p-rediction,,5,,
9999,10650,team-ferret,,5,,
9999,10655,outworld-imbalansers,,5,,
9999,10656,mariquitas,,5,,
9999,10667,taod-csgo,,5,,
9999,10668,team-equilibrium,,5,,
9999,10672,nostalgie-csgo,,5,,
9999,10673,myrevenge-e-v-hungary,,5,,
9999,10679,aimcore,,5,,
9999,10681,c-i-f,,5,,
9999,10683,russian-crazy-men,,5,,
9999,10686,pl-n,,5,,
9999,10689,epilepzy,,5,,
9999,10704,dutch-courage,,5,,
9999,10715,surion-team,,5,,
9999,10716,awakes,,5,,
9999,10717,valnath-gaming,,5,,
9999,10723,bis-dat-qui-cito-dat,,5,,
9999,10735,mn-masters,,5,,
9999,10736,canadien-eh,,5,,
9999,10738,mucholinis,,5,,
9999,10742,klub-penguin-proz,,5,,
9999,10743,ultra-lightning-strike-force,,5,,
9999,10749,jouhoig,,5,,
9999,10750,infinity-love,,5,,
9999,10751,tripolis,,5,,
9999,10752,fedderne-csgo,,5,,
9999,10755,rase-raptors,,5,,
9999,10757,piotras,,5,,
9999,10763,team-10,,5,,
9999,10765,afoe,,5,,
9999,10766,wataha,,5,,
9999,10770,team-senergy,,5,,
9999,10772,jr-family,,5,,
9999,10791,jewnicorns,,5,,
9999,10797,sobee,,5,,
9999,10813,tenergyturtle,,5,,
9999,10815,skyclad,,5,,
9999,10818,team-venai,,5,,
9999,10820,anarchy,,5,,
9999,10825,rainbow-kings,,5,,
9999,10826,south-krd,,5,,
9999,10829,panthers-in-heat,,5,,
9999,10831,5gpower,,5,,
9999,10832,team-carpediem,,5,,
9999,10833,powends,,5,,
9999,10834,natus-ninja,,5,,
9999,10840,otters-in-suits,,5,,
9999,10841,teamfatal,,5,,
9999,10851,existenceg,,5,,
9999,10855,team-nexos,,5,,
9999,10857,hihi,,5,,
9999,10860,the-track-pads,,5,,
9999,10862,elevate-female,,5,,
9999,10866,super-heroes-in-training,,5,,
9999,10868,arc-gaming-aegis-response-command,,5,,
9999,10869,team-cronos,,5,,
9999,10879,filhos-da-m-e,,5,,
9999,10882,teamownerdk,,5,,
9999,10894,noiz-bomb,,5,,
9999,10898,gaming,,5,,
9999,10899,classyplebs,,5,,
9999,10905,stainless-lions,,5,,
9999,10911,illusive-e-sports,,5,,
9999,10913,nakurwiacze-szalonego,,5,,
9999,10914,swedishbulldogs,,5,,
9999,10916,paradox-pro,,5,,
9999,10921,romaniancl,,5,,
9999,10927,the-sky-gators,,5,,
9999,10928,team-wicked-5,,5,,
9999,10930,fuse-gaming,,5,,
9999,10931,divinity-cs,,5,,
9999,10932,o-o,,5,,
9999,10938,teamwisp,,5,,
9999,10959,kristian,,5,,
9999,10964,invictum-phoenix,,5,,
9999,10965,ox-gaming,,5,,
9999,10983,gray-wolves-esports,,5,,
9999,10990,global-virus,,5,,
9999,11001,emim,,5,,
9999,11003,zoulou-3-party,,5,,
9999,11009,mama-jumz-s-army,,5,,
9999,11019,games-attached,,5,,
9999,11031,system-gamers,,5,,
9999,11034,radioactive-wolves,,5,,
9999,11036,team-bravo,,5,,
9999,11044,faytel,,5,,
9999,11049,team-e-mper,,5,,
9999,11058,snap-cs,,5,,
9999,11064,natus-real,,5,,
9999,11066,team-linus,,5,,
9999,11069,everything-or-nothing,,5,,
9999,11078,massiveknights,,5,,
9999,11080,team-fuzed,,5,,
9999,11083,the-goon-squad,,5,,
9999,11087,un-ted-f-ve,,5,,
9999,11095,veruj-bratu,,5,,
9999,11101,hot-gaming-pl,,5,,
9999,11102,team-faststrike,,5,,
9999,11103,igneapantheras,,5,,
9999,11113,electronauts,,5,,
9999,11114,airforce,,5,,
9999,11119,hero,,5,,
9999,11120,beyond-the-competition,,5,,
9999,11123,team-nexus,,5,,
9999,11125,cerberus-rage-esports,,5,,
9999,11131,secondwind,,5,,
9999,11134,ego-prox,,5,,
9999,11136,sw1pe,,5,,
9999,11137,5starseasyshooter-s,,5,,
9999,11146,impact-multigaming,,5,,
9999,11147,turkey-cs-2015,,5,,
9999,11150,invictus-sports,,5,,
9999,11151,white-lie,,5,,
9999,11157,teamdevil,,5,,
9999,11168,warblazed,,5,,
9999,11170,spoon-clan,,5,,
9999,11171,li0ns-pro,,5,,
9999,11181,3mini,,5,,
9999,11183,game-of-warfare,,5,,
9999,11186,ra4w-enforcements,,5,,
9999,11187,ranzey,,5,,
9999,11191,squirrely-woodies,,5,,
9999,11197,slizer-s,,5,,
9999,11207,jail14,,5,,
9999,11218,r,,5,,
9999,11222,ninehexagon,,5,,
9999,11224,stars-of-andromeda,,5,,
9999,11227,fragvision-cs,,5,,
9999,11235,death-virus,,5,,
9999,11237,ingenting,,5,,
9999,11241,nekottack,,5,,
9999,11243,teamdarkside,,5,,
9999,11244,invision,,5,,
9999,11246,theredmonkeys,,5,,
9999,11247,gangsta-fox,,5,,
9999,11248,all-american-operations,,5,,
9999,11251,35-clan,,5,,
9999,11254,immortals,,5,,
9999,11258,isp18-com,,5,,
9999,11259,th3conspiracy,,5,,
9999,11260,highfive-gaming,,5,,
9999,11264,sameguys-gaming,,5,,
9999,11266,fragnauts,,5,,
9999,11269,hectick,,5,,
9999,11271,team-kraken-cs,,5,,
9999,11301,fading-sun,,5,,
9999,11335,fnitas-gaming,,5,,
9999,11336,pure-magic,,5,,
9999,11341,aether,,5,12908,aether
9999,11347,asgardgaming,,5,,
9999,11358,xxx420nautsxxx,,5,,
9999,11363,moribund-esports,,5,,
9999,11364,theoneandonly,,5,,
9999,11377,tenho,,5,,
9999,11385,aye-aye-hunters,,5,,
9999,11388,neve-back-down,,5,,
9999,11392,topform-pro,,5,,
9999,11402,teamdeadlynoobsbelgium,,5,,
9999,11411,drunkvikings,,5,,
9999,11436,the-group-otaku-only-knows-ph,,5,,
9999,11445,shoot-me-i-m-famous,,5,,
9999,11451,rdyonice,,5,,
9999,11452,nimbusfive,,5,,
9999,11455,team-oveis,,5,,
9999,11460,kvintis,,5,,
9999,11462,gladex,,5,,
9999,11480,clan-cabezabote,,5,,
9999,11483,paradoxe-bulgaria,,5,,
9999,11488,geldspeicher,,5,,
9999,11492,team-katya,,5,,
9999,11505,badasduck,,5,,
9999,11508,virus-in-portugal,,5,,
9999,11518,ninja-cookies,,5,,
9999,11527,the-loyal-shadows,,5,,
9999,11529,romainlegeek,,5,,
9999,11542,flyinggoats,,5,,
9999,11558,taoq,,5,,
9999,11559,apollo-cs,,5,,
9999,11561,nenoistorm,,5,,
9999,11577,the-ratz,,5,,
9999,11586,jurastik,,5,,
9999,11595,team-ovrtime,,5,,
9999,11605,kappa360,,5,,
9999,11608,highsense-v7,,5,,
9999,11610,mentally,,5,,
9999,11611,gcj-team,,5,,
9999,11622,danish-e-vikings,,5,,
9999,11658,infinitegamers,,5,,
9999,11662,team-mad-bombers,,5,,
9999,11665,team-pila,,5,,
9999,11672,blackdiamond,,5,,
9999,11678,zeta,,5,,
9999,11681,team-z1nd3rs,,5,,
9999,11683,ambitious-of-victory,,5,,
9999,11684,theguardians,,5,,
9999,11687,phantom-s,,5,,
9999,11691,meet-your-doom,,5,,
9999,11719,nrg-gaming,,5,,
9999,11722,incapacity-gaming,,5,,
9999,11735,ez-skins-ez-noot,,5,,
9999,11747,holy-fucking-shit,,5,,
9999,11748,team-vitex,,5,,
9999,11751,radioactive-csgo,,5,,
9999,11754,up-ci,,5,,
9999,11759,team-solo-yolo,,5,,
9999,11771,kazam-esports,,5,,
9999,11773,sons-of-battlefield,,5,,
9999,11776,xtrafly,,5,,
9999,11782,the-cook-and-bake-club,,5,,
9999,11784,team-paradox,,5,,
9999,11790,throne,,5,,
9999,11808,squirrel-fire,,5,,
9999,11809,red-wolf,,5,,
9999,11810,luxite,,5,,
9999,11811,30cm,,5,,
9999,11812,harunga,,5,,
9999,11815,aether-esports,,5,,
9999,11816,eratz,,5,,
9999,11820,selfie-pro,,5,,
9999,11823,kicking-it-gamer-s,,5,,
9999,11825,intrepidus-uk,,5,,
9999,11844,bubar,,5,,
9999,11845,nutrition-esports,,5,,
9999,11846,world-of-games,,5,,
9999,11854,mongo-gaming,,5,,
9999,11867,anceril,,5,,
9999,11872,cshs-pl,,5,,
9999,11881,necrabites,,5,,
9999,11899,theyhateuscuztheyanus,,5,,
9999,11906,doom-haxors,,5,,
9999,11909,team-zinkz,,5,,
9999,11911,nivin,,5,,
9999,11912,wazers,,5,,
9999,11914,valdion,,5,,
9999,11922,lv-breath,,5,,
9999,11928,team-well-play,,5,,
9999,11930,raiders-of-turks,,5,,
9999,11931,vulpes-ace,,5,,
9999,11933,esports-twisted,,5,,
9999,11934,apollyon,,5,,
9999,11937,kabloiczu,,5,,
9999,11939,realitygaming,,5,,
9999,11945,blandy-gaming,,5,,
9999,11946,atrax,,5,,
9999,11954,scads-of-czech,,5,,
9999,11958,stealthy-invaders,,5,,
9999,11959,ace-dreaming,,5,,
9999,11960,system-conspiracy,,5,,
9999,11962,nopeteamfr,,5,,
9999,11963,otego,,5,,
9999,11965,hellraiserseu,,5,,
9999,11966,gamedex,,5,,
9999,11969,team-void,,5,,
9999,11970,alpha-beta,,5,,
9999,11973,config-esports,,5,,
9999,11974,neverlosehope-international,,5,,
9999,11977,nyx-cs,,5,,
9999,11984,team-deltd,,5,,
9999,11990,the-goblin-slayers,,5,,
9999,11992,ez-com,,5,,
9999,11998,team-noetic,,5,,
9999,12010,flaekkeholdet,,5,,
9999,12011,team-sanves,,5,,
9999,12015,team-onehp,,5,,
9999,12018,levelup-gaming,,5,,
9999,12023,team-angry-beavers,,5,,
9999,12029,kill-of-term,,5,,
9999,12046,tempest,,5,,
9999,12051,the-eternal-vendetta,,5,,
9999,12059,dragons-bro,,5,,
9999,12060,team-contra,,5,,
9999,12068,redline,,5,,
9999,12075,redfox,,5,,
9999,12078,pitbull,,5,,
9999,12081,hexus,,5,,
9999,12084,violet-spartans,,5,,
9999,12091,oculusaus,,5,,
9999,12094,kill-o-bots,,5,,
9999,12108,mustang-team,,5,,
9999,12118,ladventures,,5,,
9999,12127,vladimirputin,,5,,
9999,12133,tec-gaming-vox,,5,,
9999,12136,novaviva,,5,,
9999,12141,nyankillers,,5,,
9999,12146,cyber-bears,,5,,
9999,12154,camperelite,,5,,
9999,12158,w3play,,5,,
9999,12161,men-of-steel,,5,,
9999,12181,team-tribal,,5,,
9999,12183,avengement,,5,,
9999,12187,cyberfreakz,,5,,
9999,12189,rushcrush-102,,5,,
9999,12205,zken-esports,,5,,
9999,12207,overdosed,,5,,
9999,12208,magna-pro,,5,,
9999,12210,aim-tech,,5,,
9999,12216,crystalcut,,5,,
9999,12217,pro-boszcz,,5,,
9999,12218,evacsy,,5,,
9999,12220,0ri0n,,5,,
9999,12225,pelicans-esports,,5,,
9999,12250,team-clear-shots,,5,,
9999,12251,team-reborn,,5,,
9999,12263,dvided,,5,,
9999,12267,team-hydra,,5,,
9999,12269,andyvania,,5,,
9999,12279,team-pander-cs,,5,,
9999,12282,toxic-starsz,,5,,
9999,12283,banana-rockets,,5,,
9999,12284,we-do-gaming,,5,,
9999,12290,norulz,,5,,
9999,12291,unsurpassedesports,,5,,
9999,12296,pyro-gaming-team,,5,,
9999,12299,your-favourite-nightmare,,5,,
9999,12304,1shotmasters,,5,,
9999,12305,genetix-cs,,5,,
9999,12315,sultans-guardian,,5,,
9999,12317,fluffy-warrors,,5,,
9999,12321,team-fov,,5,,
9999,12323,team-hybrid,,5,,
9999,12327,primus-gaming,,5,,
9999,12329,oasis-paradise,,5,,
9999,12331,revolt-esport,,5,,
9999,12333,house-of-james,,5,,
9999,12334,e-sports-motion-team,,5,,
9999,12344,youngmind,,5,,
9999,12358,insane-fellas-cs,,5,,
9999,12360,fatiquegaming,,5,,
9999,12362,live-wire,,5,,
9999,12365,unique-legacy,,5,,
9999,12367,envo-esports,,5,,
9999,12369,konvict-gaming,,5,,
9999,12373,testokarhut,,5,,
9999,12374,russian-masters,,5,,
9999,12375,norwegian-pacifist-clan,,5,,
9999,12384,rh1n0-esports,,5,,
9999,12396,starline-esport,,5,,
9999,12398,enight,,5,,
9999,12400,exile-gaming,,5,,
9999,12401,energy-damage,,5,,
9999,12402,red-bats,,5,,
9999,12403,comrade-army,,5,,
9999,12405,myesticgames,,5,,
9999,12418,the-clever-warfare,,5,,
9999,12424,killer-instinct-locked-and-loaded,,5,,
9999,12426,ex-nihilo,,5,,
9999,12429,kwanto-gaming,,5,,
9999,12438,force-and-ace,,5,,
9999,12440,team-f-s-esports,,5,,
9999,12442,r-vange,,5,,
9999,12444,geekaboco,,5,,
9999,12445,cs-go-schwan,,5,,
9999,12447,rush-of-heroes-hack,,5,,
9999,12458,glhf-pro,,5,,
9999,12460,triple-ace,,5,,
9999,12461,trique,,5,,
9999,12477,hunomgamers,,5,,
9999,12478,team-fresh,,5,,
9999,12479,teamxeno,,5,,
9999,12489,syk3d,,5,,
9999,12495,hetvenhat-gaming,,5,,
9999,12496,jakob,,5,,
9999,12498,dzdzystan,,5,,
9999,12511,infuse-esports,,5,,
9999,12512,soldiers-of-ukraine,,5,,
9999,12513,cuddlywolves,,5,,
9999,12514,team-elite-stars,,5,,
9999,12518,purefilth,,5,,
9999,12520,chikens,,5,,
9999,12523,freedom-rhinos,,5,,
9999,12525,lmntrix-r,,5,,
9999,12526,0pstr-team,,5,,
9999,12528,the-ghosts,,5,,
9999,12541,winter-esports,,5,,
9999,12545,team-hurricane-cs,,5,,
9999,12546,dutyofknights,,5,,
9999,12548,hilton-team,,5,,
9999,12550,facelessvoid,,5,,
9999,12553,elyptum,,5,,
9999,12555,invaderz,,5,,
9999,12557,wolfpack-cs,,5,,
9999,12575,anaconda,,5,,
9999,12581,harvir-dhesi,,5,,
9999,12584,no-easy-way-out,,5,,
9999,12585,lithuanianstars-pro,,5,,
9999,12594,the-zone-team,,5,,
9999,12598,team-phalanx-cs,,5,,
9999,12603,running-devil,,5,,
9999,12617,cebulakiburaki,,5,,
9999,12634,rabbits-of-doom,,5,,
9999,12645,s-o-n-s-of-anarchy,,5,,
9999,12652,najsway,,5,,
9999,12673,team-delta-force,,5,,
9999,12677,infernal-soviet-union-cs,,5,,
9999,12687,la-colere-des-gitans,,5,,
9999,12698,in-arms-we-die-cs,,5,,
9999,12700,glorious-enemy,,5,,
9999,12704,puke-noise,,5,,
9999,12706,team-wanion,,5,,
9999,12709,qualified-csgo,,5,,
9999,12710,pigladdies,,5,,
9999,12711,team-evolix,,5,,
9999,12714,arius-gam-ng,,5,,
9999,12715,wtf,,5,,
9999,12726,team-brotherhood-eu,,5,,
9999,12727,windowed-mode,,5,,
9999,12728,the-illuminators,,5,,
9999,12734,team-apex-predators,,5,,
9999,12735,pomidory,,5,,
9999,12744,next-evolution,,5,,
9999,12745,team-hawls,,5,,
9999,12750,all4red,,5,,
9999,12751,team-raptor,,5,,
9999,12752,scotac,,5,,
9999,12753,power-rangers,,5,,
9999,12755,axi0m,,5,,
9999,12757,lots-of-dumb-luck,,5,,
9999,12759,team-goodgame,,5,,
9999,12761,red-frogz-pt,,5,,
9999,12764,laughing-marauders,,5,,
9999,12774,batako-e-sport,,5,,
9999,12775,patola-team,,5,,
9999,12776,frag-masters,,5,,
9999,12777,ballerpups,,5,,
9999,12778,automatic-killshot,,5,,
9999,12781,evil-gamers-team,,5,,
9999,12786,eco-frags,,5,,
9999,12790,team-fiveon,,5,,
9999,12797,team-dragon-slayers,,5,,
9999,12802,aggresive,,5,,
9999,12805,elite-fighter-legion,,5,,
9999,12815,dimensional,,5,,
9999,12820,vitality,,5,,
9999,12823,pokerpunch-gaming,,5,,
9999,12825,gentoostar,,5,,
9999,12837,ron,,5,,
9999,12838,rekon,,5,,
9999,12841,dogegaming,,5,,
9999,12855,team-surekill,,5,,
9999,12857,pajama-monsters,,5,,
9999,12858,hawx-gaming,,5,,
9999,12867,aeon-esports,,5,,
9999,12868,revadra-esports,,5,,
9999,12869,alkas,,5,,
9999,12873,skjak-conspiracy,,5,,
9999,12876,games-soldiers,,5,,
9999,12883,waspsgaming,,5,,
9999,12886,pantheon,,5,,
9999,12887,team-venomsnake,,5,,
9999,12889,pulse-gaming,,5,,
9999,12898,2622236,,5,,
9999,12899,zone-hl2,,5,,
9999,12900,red-white-blood,,5,,
9999,12901,aephaxia,,5,,
9999,12904,team-xetex-cs,,5,,
9999,12908,high-density,,5,,
9999,12909,team-neptune,,5,,
9999,12911,battalion-of-gamers,,5,,
9999,12914,youdon-tsay,,5,,
9999,12915,speed-is-king,,5,,
9999,12916,anomic,,5,,
9999,12921,team-bellend,,5,,
9999,12922,nuclear-hitz,,5,,
9999,12923,novicea,,5,,
9999,12924,chewinggummers,,5,,
9999,12926,the-curry-crew,,5,,
9999,12937,onyater,,5,,
9999,12939,cr3pto,,5,,
9999,12940,oblivian,,5,,
9999,12941,quantum-knights,,5,,
9999,12942,the-hitchhickers,,5,,
9999,12943,proud-slayers,,5,11711,players
9999,12945,prups,,5,,
9999,12946,team-almanz,,5,,
9999,12947,porobieni,,5,,
9999,12954,volt,,5,13090,volt
9999,12955,esports-quietly,,5,,
9999,12960,blood-dragons-team-brazilian,,5,,
9999,12961,team-serpentes,,5,,
9999,12964,qc-team,,5,,
9999,12966,euplays,,5,,
9999,12967,team-entinity,,5,,
9999,12968,brunno,,5,,
9999,13086,team-maniifest,,5,,
9999,13087,ninjas-palma,,5,,
9999,13088,fromhumanstogamers,,5,,
9999,13108,team-gen,,5,,
9999,13109,adunum,,5,,
9999,13112,sydergaming,,5,,
9999,13117,slapping-hard,,5,,
9999,13118,doom-decides,,5,,
9999,13120,isg-vindicta,,5,,
9999,13121,team-invincible-force,,5,,
9999,13122,stratos-esports,,5,,
9999,13123,triton-cs,,5,,
9999,13124,stratos-esports,,5,,
9999,13126,bilibili,,5,,
9999,13127,perfectionist,,5,,
9999,13128,arcticpanda,,5,,
9999,13130,thelynchsquad,,5,,
9999,13131,secz,,5,,
9999,13132,tallburger,,5,,
9999,13135,i-am,,5,,
9999,13137,team-doublemid,,5,,
9999,13138,beards,,5,,
9999,13139,bubble-cz,,5,,
9999,13141,team-eien,,5,,
9999,13142,simpliciter-maximus,,5,,
9999,13145,the-red-panda,,5,,
9999,13153,elite-squad,,5,,
9999,13154,cs-harks,,5,,
9999,13160,lapou,,5,,
9999,13162,foxgaming,,5,,
9999,13167,kobe-crew,,5,,
9999,13174,team-logic-eagle,,5,,
9999,13187,ladder-one,,5,,
9999,13189,defiant-knights,,5,,
9999,13190,team-of-masters,,5,,
9999,13205,wyzy,,5,,
9999,13206,calm-and-steady,,5,,
9999,13207,because-we-can,,5,,
9999,13212,redragon-cs,,5,,
9999,13213,werewolf-team,,5,,
9999,13220,russian-power,,5,,
9999,13222,makeshift-esports,,5,,
9999,13236,team-v-sion,,5,,
9999,13238,kamane,,5,,
9999,13240,dark-zone-esports-team,,5,,
9999,13241,f1reflies,,5,,
9999,13244,redaxes,,5,,
9999,13245,exsequor-gaming,,5,,
9999,13246,sequence-gaming,,5,,
9999,13259,dlightful,,5,,
9999,13262,team-grantick,,5,,
9999,13266,bandits-ro,,5,,
9999,13270,anima-tronic,,5,,
9999,13277,team-star-players,,5,,
9999,13282,pk-gaming-clan-a,,5,,
9999,13284,fortr3ss,,5,,
9999,13287,team-anarchon,,5,,
9999,13288,eternityx,,5,,
9999,13289,engineer-gaming,,5,,
9999,13291,team-cobalt,,5,,
9999,13292,lptw,,5,,
9999,13293,nozone-team,,5,,
9999,13297,radiation-zon3,,5,,
9999,13301,team-ollie,,5,,
9999,13310,csol-team,,5,,
9999,13315,hellguardidans,,5,,
9999,13319,faq-tbl,,5,,
9999,13321,flt-cs,,5,,
9999,13325,macaquinhos-esports,,5,,
9999,13327,venum,,5,,
9999,13333,vandor-gaming,,5,,
9999,13334,getsalty,,5,,
9999,13352,spotermin,,5,,
9999,13354,crisis-response-division,,5,,
9999,13355,moment-22,,5,,
9999,13359,xempt,,5,,
9999,13363,toxicjuniors,,5,,
9999,13368,team-impartial,,5,,
9999,13373,in-the-game,,5,,
9999,13374,team-nolife,,5,,
9999,13375,delphi-network,,5,,
9999,13376,hell-skill,,5,,
9999,13385,revolution-dreamz,,5,,
9999,13386,napoleon-esports,,5,,
9999,13393,wolves-counter-hurricane,,5,,
9999,13394,useless-souls,,5,,
9999,13395,obverse-cs,,5,,
9999,13398,team-btf,,5,,
9999,13399,playrpl,,5,,
9999,13400,beshock-gang,,5,,
9999,13402,hyperkill,,5,,
9999,13406,juans-boosting-service,,5,,
9999,13408,fynixgaming,,5,,
9999,13412,mufmentszfecja,,5,,
9999,13413,sinofi,,5,,
9999,13415,veqtor,,5,,
9999,13418,dynamic-symmetry,,5,,
9999,13419,tardz,,5,,
9999,13421,team-blue,,5,,
9999,13424,nebula-eu,,5,,
9999,13426,black-ninja-squad,,5,,
9999,13428,barricade,,5,,
9999,13429,pyromaniac,,5,,
9999,13430,glorygames,,5,,
9999,13431,deamonbeavers,,5,,
9999,13439,team-vulcany,,5,,
9999,13443,sonorous,,5,,
9999,13445,shadowburners,,5,,
9999,13452,teammidget,,5,,
9999,13466,astounding-cs,,5,,
9999,13468,maximum-hype,,5,,
9999,13473,axios,,5,,
9999,13474,sgsb,,5,,
9999,13475,boys-in-suits,,5,,
9999,13483,angels-of-insanity,,5,,
9999,13502,killer-rat,,5,,
9999,13504,badgerers,,5,,
9999,13509,squash-gaming-team,,5,,
9999,13520,united5,,5,,
9999,13523,otawa-aimers,,5,,
9999,13526,mystic-gg,,5,,
9999,13527,krigarna,,5,,
9999,13528,syndicate-esport,,5,,
9999,13529,prosmokes,,5,,
9999,13531,astana-dragons-cs-go-official,,5,,
9999,13534,lionheart-esports,,5,,
9999,13536,zyper-sh0t,,5,,
9999,13537,thecrackypizzas,,5,,
9999,13549,rampage-syndicate,,5,,
9999,13550,tribeat-esports,,5,,
9999,13551,zebra-leg-beggers,,5,,
9999,13552,team-full-rush,,5,,
9999,13556,rosik-gaming,,5,,
9999,13569,hyper-pro,,5,,
9999,13571,dicktators,,5,,
9999,13572,tge,,5,,
9999,13575,ahead-inc-gaming,,5,,
9999,13581,les,,5,,
9999,13589,uniquity,,5,,
9999,13590,dk-eagles,,5,,
9999,13591,corrupt5,,5,,
9999,13593,energetic-tryact,,5,,
9999,13595,z3phyr,,5,,
9999,13597,koledzyzpola,,5,,
9999,13598,eternity-esports,,5,,
9999,13599,team-b4nana,,5,,
9999,13601,team-nevermind,,5,,
9999,13602,team-vacom,,5,,
9999,13603,to-be-decided4-cs,,5,,
9999,13604,to-be-decided5-cs,,5,,
9999,13610,very-serious,,5,,
9999,13611,team-saurian,,5,,
9999,13612,team-barents,,5,,
9999,13614,team-vision,,5,,
9999,13615,phegs,,5,,
9999,13616,solid-state-gaming,,5,,
9999,13618,ulti-play,,5,,
9999,13619,hellguardians,,5,,
9999,13623,esports-team-ines,,5,,
9999,13625,legion-du-coq-d-or,,5,,
9999,13639,nothingbuthead,,5,,
9999,13662,exposed-shadows,,5,,
9999,13669,phoenix-esports-club,,5,,
9999,13670,shady-warriors-esports,,5,,
9999,13672,c-thanatos,,5,,
9999,13676,astatic,,5,,
9999,13681,we-are-serious,,5,,
9999,13683,pewpew,,5,,
9999,13687,titanium-cs,,5,,
9999,13689,spitfires,,5,,
9999,13691,just-frag,,5,,
9999,13692,undeadfamily,,5,,
9999,13703,racine2,,5,,
9999,13704,team-zymbiote,,5,,
9999,13705,oegco,,5,,
9999,13707,streikop-cs,,5,,
9999,13708,geruchenbagen,,5,,
9999,13709,logic,,5,,
9999,13711,teamninjasinpujama,,5,,
9999,13713,team-integrity,,5,,
9999,13723,noformmonster,,5,,
9999,13727,bravoteampro,,5,,
9999,13731,degenx-team,,5,,
9999,13732,enigma,,5,,
9999,13734,forbidden-esports,,5,,
9999,13742,onerous,,5,,
9999,13743,electrk-gaming,,5,,
9999,13746,team-dideo,,5,,
9999,13749,hysteria-cs,,5,,
9999,13750,linxz,,5,,
9999,13751,volatile-e-sports-club,,5,,
9999,13754,bad-company-ii,,5,,
9999,13770,fullbring,,5,,
9999,13788,monkey-esports,,5,,
9999,13790,g2a-electronic-sport,,5,,
9999,13791,mortem-deus,,5,,
9999,13807,square-heads,,5,,
9999,13811,last-try,,5,,
9999,13814,blackout,,5,,
9999,13825,fiya,,5,,
9999,13836,acolyte,,5,,
9999,13839,quarter-fight-team,,5,,
9999,13845,plant,,5,,
9999,13847,aftermath-revolution,,5,,
9999,13886,aquiver-esports,,5,,
9999,13890,twentyseven,,5,13236,twenty seven
9999,13926,ultimoexiled,,5,,
9999,13935,viral-team,,5,,
9999,13946,ace-of-shadows,,5,,
9999,13952,team-decimation-e-sports,,5,,
9999,13958,express-csgo,,5,,
9999,13964,sequence,,5,,
9999,13967,victory-is-ours-team,,5,,
9999,13969,drop-five,,5,,
9999,13970,generation-of-puppets,,5,,
9999,13971,phoenix-network-csgo,,5,,
9999,13973,spanishboys,,5,,
9999,13997,bravoproteam,,5,,
9999,13999,5-flippin-ninjas,,5,,
9999,14006,team-jellyfish,,5,,
9999,14007,dynom,,5,,
9999,14008,devilfox-gaming,,5,,
9999,14010,gosforth,,5,,
9999,14034,longlegslongnecks,,5,,
9999,14035,team-devias,,5,,
9999,14042,illumin8,,5,,
9999,14044,the-websters,,5,,
9999,14047,canadiancrusher,,5,,
9999,14055,teamcronus,,5,,
9999,14061,shadow-s-gamers,,5,,
9999,14083,manky-csgo,,5,,
9999,14086,oxoon,,5,,
9999,14089,wondeteam,,5,,
9999,14092,libr8-gaming,,5,,
9999,14096,nofdsf123,,5,,
9999,14097,hegyikecske,,5,,
9999,14101,deathtouch,,5,,
9999,14110,innate-warriors,,5,,
9999,14111,shouthingbeasts,,5,,
9999,14114,gowipe,,5,,
9999,14117,campelo-esports,,5,,
9999,14120,esc-girl-south,,5,,
9999,14121,simple-gaming,,5,,
9999,14123,hooligans,,5,,
9999,14124,frag-society,,5,,
9999,14131,esport-rezun,,5,,
9999,14132,revolt-gg,,5,,
9999,14137,team-five-senses,,5,,
9999,14140,infowayindia,,5,,
9999,14142,arcadia-gg,,5,,
9999,14143,team-cold-beer,,5,,
9999,14147,thedarkknights,,5,,
9999,14148,killandspray,,5,,
9999,14149,milani,,5,,
9999,14150,luminous-e-sports,,5,,
9999,14157,team-expandables,,5,,
9999,14159,wild-weasels-multigaming,,5,,
9999,14160,pro-devils,,5,,
9999,14162,redcarpet,,5,,
9999,14164,west3rn,,5,,
9999,14165,rift-gaming,,5,,
9999,14168,luckygaming,,5,,
9999,14170,fdfd,,5,,
9999,14172,prikol-nyie-gholosovyie-otkrytki,,5,,
9999,14178,sappling,,5,,
9999,14182,clemson-vs-oklahoma-orange-bowl-live,,5,,
9999,14188,chargerrs,,5,,
9999,14189,all-sports,,5,,
9999,14192,quintus-gaming,,5,,
9999,14197,encoregame-eu,,5,,
9999,14198,amateur-team-vortex,,5,,
9999,14200,sherlock-the-abominable-bride,,5,,
9999,14202,arizona-cardinals-vs-st-louis-rams-live,,5,,
9999,14209,suckerpunch,,5,,
9999,14223,bogdankun,,5,,
9999,14234,chaosgangstaz,,5,,
9999,14240,northen-wave,,5,,
9999,14260,electricfire16,,5,,
9999,14269,bekfest,,5,,
9999,14273,kaljaran-prikaatti,,5,,
9999,14274,turkish-gamers,,5,,
9999,14275,esports4us,,5,,
9999,14283,aito-j,,5,,
9999,14284,scarred-hunters,,5,,
9999,14285,toxic-foxes,,5,,
9999,14289,sample486,,5,,
9999,14292,deathly-ninjas,,5,,
9999,14293,olympian,,5,,
9999,14299,the-third-world-order,,5,,
9999,14307,youwin,,5,,
9999,14321,mat-s-crew,,5,,
9999,14326,wifi-gaming,,5,,
9999,14333,team-acclivity,,5,,
9999,14335,excluzion,,5,,
9999,14338,team-framed,,5,,
9999,14339,fury,,5,,
9999,14345,regnatorem,,5,,
9999,14347,ex-melty,,5,,
9999,14360,the-digital-vikings,,5,,
9999,14361,nofear-lviv-team,,5,,
9999,14363,cerberus-white,,5,,
9999,14373,t9zner,,5,,
9999,14382,violentplay,,5,,
9999,14383,3hours,,5,,
9999,14384,ddx,,5,,
9999,14389,team-revolux,,5,,
9999,14390,we-are-awesome,,5,,
9999,14392,1hpleft,,5,,
9999,14401,diavola,,5,,
9999,14402,allahusnackbar,,5,,
9999,14404,madzone,,5,,
9999,14408,team-terahertz,,5,,
9999,14410,team-contini,,5,,
9999,14411,hqs,,5,,
9999,14416,kinquin-cs,,5,,
9999,14418,shiftesports,,5,,
9999,14420,team-whiteout,,5,,
9999,14429,black-dragons,,5,,
9999,14452,assembly,,5,,
9999,14455,team-fusion,,5,,
9999,14465,gamersunitedfront,,5,,
9999,14474,team-tiger-tooth,,5,,
9999,14475,const4nte-progression,,5,,
9999,14476,redskiins,,5,,
9999,14481,regionsunited5,,5,,
9999,14482,airborne-firing-squad,,5,,
9999,14484,primal-esports,,5,,
9999,14488,svenskarma,,5,,
9999,14503,thawcs,,5,,
9999,14520,r3dux,,5,,
9999,14525,g2us,,5,,
9999,14528,krysys,,5,,
9999,14535,deus-esports,,5,,
9999,14540,forbidden,,5,,
9999,14545,wolf-x-gaming,,5,,
9999,14547,evil-eye-of-spades,,5,,
9999,14567,teamvoiid,,5,,
9999,14568,asian-dragons,,5,,
9999,14582,dolphincs,,5,,
9999,14588,loxgods,,5,,
9999,14591,fgt-unicorns,,5,,
9999,14594,the-outlaws,,5,,
9999,14595,withgravel,,5,,
9999,14603,arcticnova,,5,,
9999,14607,beneath-the-fire,,5,,
9999,14618,teamnexus,,5,,
9999,14619,qtasiarze,,5,,
9999,14632,danger-play,,5,,
9999,14633,jenixteam,,5,,
9999,14641,dgpx-esport,,5,,
9999,14653,team-neon,,5,,
9999,14655,fiveseven,,5,,
9999,14671,lemonoids,,5,,
9999,14688,teame7,,5,,
9999,14689,orkana-esport,,5,,
9999,14691,enigma-complex,,5,,
9999,14695,celeste,,5,,
9999,14697,team-slyers,,5,,
9999,14710,revolux,,5,,
9999,14714,xekmh,,5,,
9999,14715,entity-esports,,5,,
9999,14720,bearislanders,,5,,
9999,14732,pixel-ninjas,,5,,
9999,14736,kings-of-norway,,5,,
9999,14737,volticanimals,,5,,
9999,14741,the-outlaws,,5,,
9999,14743,sacred-blood,,5,,
9999,14745,the-frag-vault,,5,,
9999,14747,c3-csgo,,5,,
9999,14756,feudalism,,5,,
9999,14761,galactic-wolves,,5,,
9999,14771,sir-handgun,,5,,
9999,14774,team-eagle,,5,,
9999,14779,fenix,,5,,
9999,14807,tekweb-esport,,5,,
9999,14825,fraglife,,5,,
9999,14827,finalflash,,5,,
9999,14828,the-poison-masters,,5,,
9999,14834,tea-leaf,,5,,
9999,14846,the-gamers,,5,,
9999,14863,team-efexz,,5,,
9999,14880,s-a-d-b-o-y-z,,5,,
9999,14892,i-love-games-white,,5,,
9999,14897,no-rush-no-glory,,5,,
9999,14901,sharpshoot,,5,,
9999,14906,ikast-brande-esport,,5,,
9999,14911,cred0z,,5,,
9999,14912,kingsesports,,5,,
9999,14921,riddle,,5,,
9999,14954,spartan-es,,5,,
9999,14956,zoo-negara,,5,,
9999,14960,team-zeddn,,5,,
9999,14977,nexus-core-gaming,,5,,
9999,14993,proskills,,5,,
9999,14998,csgo-gorillas,,5,,
9999,15000,tamiz-cs,,5,,
9999,15010,french-family,,5,,
9999,15014,teamaqua,,5,,
9999,15016,steelstars,,5,,
9999,15033,team-exprime,,5,,
9999,15042,teaminfinityreborn,,5,,
9999,15044,rebellium-esports,,5,,
9999,15046,nexgame,,5,,
9999,15047,devil-hungary,,5,,
9999,15048,sy-wolves,,5,,
9999,15058,sgmaniacs,,5,,
9999,15059,multi-national-gaming,,5,,
9999,15063,bitfrag-esports,,5,,
9999,15067,republic,,5,,
9999,15072,team-epsise,,5,,
9999,15076,dududurino-cs,,5,,
9999,15080,agggaming,,5,,
9999,15081,versatilecs,,5,,
9999,15088,alefyne-csgo,,5,,
9999,15089,team-fox-pt,,5,,
9999,15092,wizards-of-alchemy,,5,,
9999,15096,classified-esports,,5,,
9999,15102,hybris-gaming-cs,,5,,
9999,15121,last-men-standing-csgo,,5,,
9999,15126,teamyuniqe,,5,,
9999,15128,no-org,,5,,
9999,15134,cyberzone,,5,,
9999,15136,king-scorpion,,5,,
9999,15138,teamtoxicated,,5,,
9999,15141,examine-esports,,5,,
9999,15142,morgans-lag,,5,,
9999,15147,hazardous,,5,,
9999,15149,nimpers,,5,,
9999,15150,teamdarkcs,,5,,
9999,15152,jesus-hoolz,,5,,
9999,15153,my-virtual-world,,5,,
9999,15157,swiss-prime-gaming-cs-go,,5,,
9999,15164,lempo-esports,,5,,
9999,15169,extemporize-gaming-cs,,5,,
9999,15172,exilery-gaming,,5,,
9999,15175,demise-pro,,5,,
9999,15178,dark-white-team,,5,,
9999,15195,my-team-name,,5,,
9999,15199,unity-csgo,,5,,
9999,15202,glitch-gaming,,5,,
9999,15226,wolfpack-team-cs-go,,5,,
9999,15240,dunkass-noobs,,5,,
9999,15250,team-ebase,,5,,
9999,15251,frostdragons,,5,,
9999,15252,entropy-gaming-csgo,,5,,
9999,15253,private-criminals,,5,,
9999,15270,crazy-hip-squid-squad,,5,,
9999,15273,majesty,,5,,
9999,15317,illusory,,5,,
9999,15326,danish-dynasty,,5,,
9999,15329,xfinity-esports,,5,,
9999,15336,angels,,5,,
9999,15342,team-foxez,,5,,
9999,15359,rising-orkam,,5,,
9999,15507,urbantech,,5,,
9999,15534,dynasty-uk,,5,,
9999,15563,team-tilt,,5,,
9999,15569,moonbeam-gaming,,5,,
9999,15591,respect,,5,,
9999,15602,ottoman-fire,,5,,
9999,15619,fragment-gg,,5,,
9999,15625,rozenoir-esports-white,,5,,
9999,15626,tetr-s,,5,,
9999,15651,undertake-esports,,5,,
9999,15815,team-abyssal,,5,,
9999,15850,falken,,5,,
9999,16085,pur-esports,,5,,
9999,16140,tbi,,5,,
9999,16141,vsv,,5,,
9999,16142,team-1231,,5,,
9999,16144,blubblub,,5,,
9999,16152,kriklekrakle,,5,,
9999,16251,ireal-star-gaming,,5,,
9999,16337,absolute-monster,,5,,
9999,16386,cantonese-cs,,5,,
9999,16448,nasty-gravy-runners,,5,,
9999,16543,galantis-esport,,5,,
9999,16564,reason-gaming-female,,5,,
9999,16618,fragkingsuk,,5,,
9999,16633,toxicgamingza,,5,,
9999,16747,hyperzg,,5,,
9999,16769,neptun-stars,,5,,
9999,16880,roasted-gaming,,5,,
9999,16888,virtualmartians,,5,,
9999,16957,czechslovakgamingalliance,,5,,
9999,16986,apeigaming-cs-go,,5,,
9999,17016,team-elpises,,5,,
9999,17043,lost-phoenix,,5,,
9999,17196,sko0l,,5,,
9999,17238,esferz,,5,,
9999,17240,jaguars,,5,,
9999,17242,dragon-society-gamers,,5,,
9999,17263,affinity,,5,,
9999,17264,the-sharp-wolves,,5,,
9999,17284,team-virtuoso,,5,,
9999,17364,roquets,,5,,
9999,17369,ragnarok,,5,,
9999,17494,bw-s-stoners,,5,,
9999,17512,synergy-esport,,5,,
9999,17513,next-level-esports-cs,,5,,
9999,17535,falcongaming,,5,,
9999,17568,meticulous-5k,,5,,
9999,17595,logic-gaming,,5,,
9999,17670,mistz,,5,,
9999,17696,evenns,,5,,
9999,17783,dwg,,5,,
9999,17788,underteam,,5,,
9999,17859,gamers2,,5,,
9999,17889,team-vicious,,5,,
9999,17910,asdf,,5,,
9999,17953,teamgravity-gg,,5,,
9999,17970,teamfusionesports,,5,,
9999,17974,team-lithuania,,5,,
9999,17979,cmstorm,,5,,
9999,17980,wrtp,,5,,
9999,18001,playfubet-overgaming,,5,,
9999,18009,simplefrag,,5,,
9999,18027,super-team,,5,,
9999,18035,hyenes-razor-fighters,,5,,
9999,18053,isak,,5,,
9999,18060,poseidon-esports,,5,,
9999,18118,bluelightclan-esports,,5,,
9999,18119,the-wooden-bogs,,5,,
9999,18126,hungary-againn,,5,,
9999,18164,mf20,,5,,
9999,18199,extol,,5,,
9999,18211,eden,,5,,
9999,18226,gr-zzlyscsgo,,5,,
9999,18227,team-breathless,,5,,
9999,18250,team-pacific,,5,,
9999,18335,nexonknights-e-sports,,5,,
9999,18365,boss123,,5,,
9999,18366,clan-spanish-power,,5,,
9999,18379,thunder-falcon,,5,,
9999,18435,newpark,,5,,
9999,18438,greyninjas,,5,,
9999,18500,minigames53,,5,,
9999,18503,infinity-circuits,,5,,
9999,18520,bakashiteru,,5,,
9999,18521,t-marcelino,,5,,
9999,18522,venatores-esports,,5,,
9999,18577,lostfear,,5,,
9999,18581,madkraken,,5,,
9999,18622,malik,,5,,
9999,18636,valy-pl,,5,,
9999,18639,the-memer-clan,,5,,
9999,18650,team1231,,5,,
9999,18713,holopoint,,5,,
9999,18729,vip-fc,,5,,
9999,18766,midnightmonsters,,5,,
9999,18773,nexon-uk,,5,,
9999,18782,riv4lz,,5,,
9999,18801,instigate-gaming,,5,,
9999,18813,impact-esports-team,,5,11917,nip-impact
9999,18817,forjustice,,5,,
9999,18818,implode-esports,,5,,
9999,18839,carlquoxx,,5,,
9999,18844,the-dark-knights,,5,,
9999,18846,frontsight,,5,,
9999,18847,pacificwara,,5,,
9999,18860,team-subliminal,,5,,
9999,18881,tecno-fx,,5,,
9999,18906,exception-red,,5,,
9999,18907,exsident,,5,,
9999,18916,fackboi-nation,,5,,
9999,18970,pearl-fountain,,5,,
9999,19002,synergyesports-com,,5,,
9999,19014,winfinitum,,5,,
9999,19017,leavethegame,,5,,
9999,19031,ecnereffid,,5,,
9999,19050,solar-eclipse,,5,,
9999,19055,lempeng,,5,,
9999,19057,five-mice-in-gaming,,5,,
9999,19084,obey-supremacy,,5,,
9999,19139,der-weisse-schatten,,5,,
9999,19156,napalm-esports,,5,,
9999,19289,onlythesegg-s,,5,,
9999,19407,concept,,5,,
9999,19408,wildfern-yellow,,5,,
9999,19421,huskiies-esports,,5,,
9999,19442,awesome-gamers,,5,,
9999,19522,pegasus-esports,,5,,
9999,19561,akihi-zeta,,5,,
9999,19683,wacky-esports-club,,5,,
9999,19709,trash,,5,,
9999,19711,team-folsom,,5,,
9999,19712,extraterritoriality-s-team,,5,,
9999,19720,sure-shot,,5,,
9999,19721,chos,,5,,
9999,19738,ex-dignitas,,5,,
9999,19740,next-gaming,,5,,
9999,19768,kinght-csgo,,5,,
9999,19771,jimmy,,5,,
9999,19776,gravem-gamers,,5,,
9999,19777,psikoesport,,5,,
9999,19779,anal-hunters,,5,,
9999,19780,anal-hunters,,5,,
9999,19786,blacklist,,5,,
9999,19837,ssdsss,,5,,
9999,19840,xtrazone,,5,,
9999,19851,dpn,,5,,
9999,19855,red-fox,,5,,
9999,19866,the-rise-gaming,,5,,
9999,19883,strongaming,,5,,
9999,20030,grapes-team,,5,,
9999,20120,ninjaguys,,5,,
9999,20122,spiritsofviking,,5,,
9999,20129,regrade,,5,,
9999,20168,test-csgo-gg,,5,,
9999,20224,exact-esport,,5,,
9999,20247,team-blooders,,5,,
9999,20315,cafetar,,5,,
9999,20318,kenateam,,5,,
9999,20330,pentagon-esports,,5,,
9999,20342,eaters-esport,,5,,
9999,20348,anti-konti,,5,,
9999,20384,fadecai,,5,,
9999,20439,recamp,,5,,
9999,20493,wetwipes-pro,,5,,
9999,20499,evogamers,,5,,
9999,20510,resurgence,,5,,
9999,20514,envision-esports,,5,,
9999,20520,litewarriorz,,5,,
9999,20529,deus-inferos,,5,,
9999,20539,keith-boys,,5,,
9999,20644,redtech,,5,,
9999,20652,1337h4x0r5,,5,,
9999,20666,revolutiongaming,,5,,
9999,20668,the-lowlanders,,5,,
9999,20676,forsaken-es,,5,,
9999,20689,wolves-of-despair,,5,,
9999,20718,gessy,,5,,
9999,20724,team-streetunit,,5,,
9999,20735,korruptio,,5,,
9999,20745,kio-gg,,5,,
9999,20749,icyflarez,,5,,
9999,20752,team-skoyb,,5,,
9999,20762,space-academy,,5,,
9999,20778,team-red-sox,,5,,
9999,20844,corrupt-paladins,,5,,
9999,20899,brutus,,5,,
9999,20903,aztai,,5,,
9999,20911,goatsup,,5,,
9999,20972,focus2win,,5,,
9999,21004,kolovrat,,5,,
9999,21013,lifelike-gaming,,5,,
9999,21049,astralisfans,,5,,
9999,21066,team-kaos-gaming,,5,,
9999,21070,ehome-female,,5,,
9999,21109,skull-esports,,5,,
9999,21130,amnesty-no,,5,,
9999,21185,the-tryants,,5,,
9999,21199,vision,,5,,
9999,21210,dr-satan,,5,,
9999,21223,tazsquad,,5,,
9999,21224,pazelloxu,,5,,
9999,21242,diverzantski-odred,,5,,
9999,21250,lolu2,,5,,
9999,21281,aurora-esport,,5,,
9999,21316,wr3,,5,,
9999,21327,redstorm-gaming,,5,,
9999,21354,exige-gaming,,5,,
9999,21404,egyptian,,5,,
9999,21427,dirsupterino,,5,,
9999,21435,gizmouzi,,5,,
9999,21451,lycans-gaming,,5,,
9999,21458,team-upr,,5,,
9999,21470,rar3,,5,,
9999,21497,arda-basgan,,5,,
9999,21500,getaway-esports,,5,,
9999,21502,no-head-dragon,,5,,
9999,21525,screaming-eagles,,5,,
9999,21585,the-team-loyalty,,5,,
9999,21589,asgardian,,5,,
9999,21590,animosity,,5,,
9999,21678,sons-of-norway,,5,,
9999,21704,rtya-esport,,5,,
9999,21706,voltiac,,5,,
9999,21749,valence-gaming,,5,,
9999,21854,war,,5,,
9999,21870,ghost-shore,,5,,
9999,21871,g2,,5,,
9999,21912,12cm,,5,,
9999,21913,e-sportskolan,,5,,
9999,21914,glywni,,5,,
9999,21915,planet-odd,,5,,
9999,21922,czech-rudged-unbeatable-team,,5,,
9999,21923,nordic-gaming,,5,,
9999,21925,labbedans-vika,,5,,
9999,21927,flipsid3-tactics-academy,,5,,
9999,21970,ss-bandit,,5,,
9999,21978,random-dudes,,5,,
9999,21999,naturals,,5,,
9999,22010,noztalgic,,5,,
9999,22031,ameronce,,5,,
9999,22085,e-blue-angels,,5,,
9999,22240,patryk,,5,,
9999,22251,ratsxev,,5,,
9999,22252,vega,,5,,
9999,22253,enbrace,,5,,
9999,22255,adrenaline,,5,,
9999,22257,kovcheg,,5,,
9999,22263,the-one-for-all,,5,,
9999,22266,cs-go-brasil,,5,,
9999,22274,team-gimix,,5,,
9999,22296,fulguresport-blue,,5,,
9999,22297,road-runners,,5,,
9999,22385,twogether-gaming,,5,,
9999,22396,praims-cz-sk,,5,,
9999,22400,black-mesa-tactics,,5,,
9999,22420,elitegame,,5,,
9999,22483,fusion-tigers,,5,,
9999,22493,latvian-quad,,5,,
9999,22501,enthuse-2k17,,5,,
9999,22524,clymene,,5,,
9999,22541,energy-heat,,5,,
9999,22562,cis-rejects,,5,,
9999,22563,newteam123123,,5,,
9999,22564,scaryfacez,,5,,
9999,22565,team-innova,,5,,
9999,22566,big-gods,,5,,
9999,22578,old-school,,5,,
9999,22604,i-n-f-i-n-i-t-y-esports,,5,,
9999,22612,ak47,,5,,
9999,22649,house-of-tongues,,5,,
9999,22720,cztery,,5,,
9999,22723,a-team,,5,,
9999,22730,opus-esports,,5,,
9999,22740,bridge,,5,,
9999,22763,antebellum,,5,,
9999,22769,fly-guy-entertainment,,5,,
9999,22770,pnda-gaming,,5,,
9999,22775,team-enter,,5,,
9999,22776,xoxo,,5,,
9999,22834,csgoweb-ru,,5,,
9999,22884,outcast-no,,5,,
9999,22895,xethia,,5,,
9999,22906,fortic-gaming,,5,,
9999,22944,reakt,,5,,
9999,22953,crossgamer-e-sports,,5,,
9999,22988,er,,5,,
9999,23048,turbox,,5,,
9999,23096,aie-gaming,,5,,
9999,23097,pam-esports,,5,,
9999,23098,bynie-p-gowskiego,,5,,
9999,23099,pompa-team-yellow,,5,,
9999,23113,ulfhednar,,5,,
9999,23148,vindict-esport,,5,,
9999,23160,cubecode,,5,,
9999,23227,bp-zazzle,,5,,
9999,23256,freeibp,,5,,
9999,23265,enigma-esports,,5,,
9999,23268,me-yom-araka,,5,,
9999,23277,tech-titans,,5,,
9999,23282,real-street-gamers,,5,,
9999,23283,echo-mix,,5,,
9999,23290,roca-s-complexity,,5,,
9999,23292,fragworks,,5,,
9999,23299,wicked-mm,,5,,
9999,23300,last-minute-plungers,,5,,
9999,23305,the-knives-five,,5,,
9999,23306,the-zloty-king-and-pals,,5,,
9999,23308,xlo,,5,,
9999,23406,diamond,,5,,
9999,23433,cs00,,5,,
9999,23434,bulldozer,,5,,
9999,23435,team-yetti,,5,,
9999,23436,green-crosshair,,5,,
9999,23438,project-polygon,,5,,
9999,23439,team-entry-korea,,5,,
9999,23442,derank-machine,,5,,
9999,23444,wargods,,5,,
9999,23448,superteam,,5,,
9999,23450,zaku-gaming,,5,,
9999,23494,elixir,,5,,
9999,23497,innocent,,5,,
9999,23504,kolding,,5,,
9999,23553,foxtail,,5,,
9999,23557,devils-domain,,5,,
9999,23579,dynamo-gaming,,5,,
9999,23584,hava,,5,,
9999,23585,in-your-head,,5,,
9999,23586,sylense,,5,,
9999,23587,team-wtf,,5,,
9999,23588,the-hammer,,5,,
9999,23595,imperium-gamers,,5,,
9999,23596,krakow,,5,,
9999,23597,umad,,5,,
9999,23598,team-sunny,,5,,
9999,23599,team-allu,,5,,
9999,23600,team-twista,,5,,
9999,23601,team-aslak,,5,,
9999,23604,gosu,,5,,
9999,23611,inspire-esports,,5,,
9999,23612,team-crg,,5,,
9999,23613,eternity-gaming,,5,,
9999,23614,team-alternate,,5,,
9999,23615,at-gaming,,5,,
9999,23616,kowabunga,,5,,
9999,23617,dox-serv-com,,5,,
9999,23620,z-dragons,,5,,
9999,23621,mayam-gaming,,5,,
9999,23623,cunt-destroyerz,,5,,
9999,23624,wrtt,,5,,
9999,23625,evokate,,5,,
9999,23626,masters0fownage,,5,,
9999,23627,mistral-e2g,,5,,
9999,23628,nothingbutgaming,,5,,
9999,23630,slow-motion,,5,,
9999,23631,crucial-connexion,,5,,
9999,23632,roca3,,5,,
9999,23635,we-ride-camels,,5,,
9999,23636,b-s3x,,5,,
9999,23638,csb,,5,,
9999,23639,gameruniversity,,5,,
9999,23643,double-penetration,,5,,
9999,23644,beast-4,,5,,
9999,23645,from-roihuvuori-h00ds,,5,,
9999,23646,partyastronauts,,5,,
9999,23647,team-infame,,5,,
9999,23649,fish-l33t,,5,,
9999,23650,brussels-guardians,,5,,
9999,23652,queen-consolidated,,5,,
9999,23653,inet-gamer,,5,,
9999,23654,gamoniac-mix,,5,,
9999,23655,xplayers,,5,,
9999,23656,hms,,5,,
9999,23657,trademark-esports,,5,,
9999,23658,pony-mix,,5,,
9999,23659,mymdl-net,,5,,
9999,23660,nerds-gone-wild,,5,,
9999,23661,hyperx-fr34kshow,,5,,
9999,23664,wild-coolermaster,,5,,
9999,23665,remake-esports,,5,,
9999,23680,qlimax-crew,,5,,
9999,23681,at-gaming,,5,,
9999,23683,el-coupero-del-couranto,,5,,
9999,23684,internet,,5,,
9999,23686,team-mistral,,5,,
9999,23687,sports,,5,,
9999,23703,crave-gaming,,5,,
9999,23704,internetz,,5,,
9999,23707,dexterity-team,,5,,
9999,23708,eternal-conflict,,5,,
9999,23710,fairplay,,5,,
9999,23712,sharkconfig,,5,,
9999,23713,golly,,5,,
9999,23714,you-hate-to-see-it,,5,,
9999,23715,leetgamerz,,5,,
9999,23716,the-panthers,,5,,
9999,23717,dot-sefi,,5,,
9999,23718,wild-play-ev,,5,,
9999,23719,manajuma,,5,,
9999,23720,the-gifted-minds,,5,,
9999,23721,dsm-gang,,5,,
9999,23723,cursed-gaming-team,,5,,
9999,23724,interstellar-marines,,5,,
9999,23725,warlegend,,5,,
9999,23746,stfunerd,,5,,
9999,23747,knockoutstars,,5,,
9999,23748,hard-2-believe,,5,,
9999,23749,inzein,,5,,
9999,23750,ultra-h,,5,,
9999,23752,team-hcbs,,5,,
9999,23753,dcypher-esports,,5,,
9999,23754,urge,,5,,
9999,23755,the-exiles,,5,,
9999,23756,ayy-lmao0,,5,,
9999,23757,ez,,5,,
9999,23759,gpr-brunei,,5,,
9999,23760,sys-gaming,,5,,
9999,23762,kraftlaget,,5,,
9999,23763,austrias-finest,,5,,
9999,23764,stahlwerk,,5,,
9999,23767,bbomm,,5,,
9999,23768,all-da-skinz,,5,,
9999,23769,london-lynx,,5,,
9999,23770,rasta-gaming,,5,,
9999,23771,uk-topnerd,,5,,
9999,23773,chanteurs,,5,,
9999,23774,soubtop,,5,,
9999,23775,the100,,5,,
9999,23776,xfunction,,5,,
9999,23780,a-tu-paraudi,,5,,
9999,23781,zoooo,,5,,
9999,23782,clive,,5,,
9999,23783,pointofview,,5,,
9999,23784,gametoo-com,,5,,
9999,23785,faux,,5,,
9999,23786,tzunami,,5,,
9999,23787,justjuice,,5,,
9999,23788,jas,,5,,
9999,23791,who-am-i,,5,,
9999,23793,webone,,5,,
9999,23794,team-dejavue,,5,,
9999,23795,gamehoppers,,5,,
9999,23797,klanowa-nazwa-robocza,,5,,
9999,23799,fm-esports-toxic,,5,,
9999,23800,tlr,,5,,
9999,23801,hltv-staff,,5,,
9999,23802,ninjas-in-pyjamas-staff,,5,,
9999,23803,natus-vincere-staff,,5,,
9999,23804,sltv-selectah-staff,,5,,
9999,23805,game-show-staff,,5,,
9999,23806,fragbite-se-staff,,5,,
9999,23807,1game-ua-staff,,5,,
9999,23808,sltv-squad-staff,,5,,
9999,23809,myxmg-staff,,5,,
9999,23810,noobtubers,,5,,
9999,23812,ensox,,5,,
9999,23813,c4u,,5,,
9999,23814,mistral-tt,,5,,
9999,23815,freakz,,5,,
9999,23816,rocketmen,,5,,
9999,23818,imposing-gaming,,5,,
9999,23819,alcohol-bitches,,5,,
9999,23820,ministry,,5,,
9999,23821,ethnic-radicals,,5,,
9999,23822,iwt,,5,,
9999,23823,opal-fruits,,5,,
9999,23824,ninja-turtles,,5,,
9999,23825,u-s-creteil,,5,,
9999,23826,vikings,,5,,
9999,23828,pchire-net,,5,,
9999,23829,pokerface,,5,,
9999,23830,4v1p,,5,,
9999,23831,gnet,,5,,
9999,23838,katrina-fr,,5,,
9999,23857,warmaker,,5,,
9999,23862,3r2l,,5,,
9999,23865,flawless-sa,,5,,
9999,23867,meet-your-finisher,,5,,
9999,23871,exire-esports,,5,,
9999,23872,bulletsrage-pro,,5,,
9999,23886,blb,,5,,
9999,23909,play2win-llagostera,,5,,
9999,23910,xpresiv-e-club,,5,,
9999,23914,e2g,,5,,
9999,23915,devil-batz,,5,,
9999,23916,finsh-finsh,,5,,
9999,23917,el1tegam3rs1337,,5,,
9999,23918,nameless,,5,,
9999,23919,bosshaft,,5,,
9999,23920,iyh,,5,,
9999,23921,redsky,,5,,
9999,23922,redzone,,5,,
9999,23923,crusaders,,5,,
9999,23928,degenerades,,5,,
9999,23929,dtektion,,5,,
9999,23930,perfectionvore,,5,,
9999,23931,peonyghost,,5,,
9999,23941,area51-csgo,,5,,
9999,23942,rhythm,,5,,
9999,23950,overgame-esports,,5,,
9999,23951,baskonia-atlantis,,5,,
9999,23953,wrush,,5,,
9999,23954,l9linternet,,5,,
9999,23956,team-project-evolution,,5,,
9999,23966,ema,,5,,
9999,23967,quency-stark,,5,,
9999,23968,ng-store,,5,,
9999,23969,los-mexicanos,,5,,
9999,23970,team-biceps,,5,,
9999,23971,chupa,,5,,
9999,23973,sharkbait,,5,,
9999,23980,nextgaming,,5,,
9999,23981,tes,,5,,
9999,23982,easy-fix,,5,,
9999,23983,dibized,,5,,
9999,23984,los-pollos-hermanos,,5,,
9999,23985,relapse,,5,,
9999,23986,soldiers-of-fortune,,5,,
9999,23987,team-optimum,,5,,
9999,23988,yee,,5,,
9999,23993,esportteam11,,5,,
9999,23995,banana,,5,,
9999,23996,tgod,,5,,
9999,23997,f3,,5,,
9999,23999,hard-n-play,,5,,
9999,24000,dhouse,,5,,
9999,24001,igamerz,,5,,
9999,24002,teamcrg-uk,,5,,
9999,24003,tlm,,5,,
9999,24005,blobfish,,5,,
9999,24006,brainstorm,,5,,
9999,24007,altitude-gaming,,5,,
9999,24008,team-paria,,5,,
9999,24009,impressive-gaming-e-v,,5,,
9999,24010,langes-laerlinge,,5,,
9999,24012,alos,,5,,
9999,24014,questionable,,5,,
9999,24015,wgaming-xpresive,,5,,
9999,24017,ngu-lv,,5,,
9999,24020,just-deal-with-it,,5,,
9999,24022,ngomg,,5,,
9999,24023,rebel,,5,,
9999,24024,ghost-division,,5,,
9999,24025,krasivyi,,5,,
9999,24026,benny-benassi,,5,,
9999,24027,onlinerol,,5,,
9999,24029,sepel,,5,,
9999,24031,i-don-t-care,,5,,
9999,24032,curse-these-metal-hands,,5,,
9999,24035,trademarc-gaming,,5,,
9999,24037,mission-in-stealth,,5,,
9999,24038,ufrag-gaming,,5,,
9999,24039,seraphic-nexus,,5,,
9999,24040,twisted-warriors,,5,,
9999,24044,finish-finish,,5,,
9999,24046,hikics,,5,,
9999,24047,5cons,,5,,
9999,24048,kamikaze-buccaneers,,5,,
9999,24049,sitecs-net,,5,,
9999,24051,instituto-universitario-da-maia,,5,,
9999,24052,ramboia-net,,5,,
9999,24053,monads,,5,,
9999,24054,cyborg-factory,,5,,
9999,24055,aviato,,5,,
9999,24056,529-gaming,,5,,
9999,24057,exultance,,5,,
9999,24058,madcorps,,5,,
9999,24059,salad,,5,,
9999,24060,do-it,,5,,
9999,24061,cevo-client-boys,,5,,
9999,24062,insolent,,5,,
9999,24063,street-hoops-cs,,5,,
9999,24064,frocskol-k,,5,,
9999,24065,damn-we-are-good,,5,,
9999,24066,a5-to-premiere-please,,5,,
9999,24068,boreal-connexion,,5,,
9999,24069,780-yeg-bros,,5,,
9999,24070,viavallin,,5,,
9999,24071,elite-players,,5,,
9999,24072,friction,,5,,
9999,24074,elephant-esports,,5,,
9999,24075,nbdale,,5,,
9999,24076,team-decerto,,5,,
9999,24078,ctuc,,5,,
9999,24079,tiltsquad,,5,,
9999,24080,seelachs,,5,,
9999,24081,waytoomany,,5,,
9999,24083,gameking,,5,,
9999,24084,south-korea,,5,,
9999,24085,team-equinox,,5,,
9999,24086,xpra-gaming,,5,,
9999,24087,frenetic-array,,5,,
9999,24088,hypegaming,,5,,
9999,24089,sentinel-ec,,5,,
9999,24091,teamcrashers,,5,,
9999,24092,mk3,,5,,
9999,24093,omahastylee,,5,,
9999,24094,mercenarios,,5,,
9999,24095,myrevenge-chile,,5,,
9999,24097,warning-team,,5,,
9999,24098,ragerplusone,,5,,
9999,24100,underfrog,,5,,
9999,24101,cadiem-esports-club,,5,,
9999,24102,5peaks,,5,,
9999,24103,norecoil,,5,,
9999,24105,2sexeh,,5,,
9999,24106,wsystem,,5,,
9999,24107,mia-malkova,,5,,
9999,24108,blackbelts,,5,,
9999,24114,mix-kappa,,5,,
9999,24116,team-vulcan,,5,,
9999,24117,all-stars-us,,5,,
9999,24118,pt3eu,,5,,
9999,24119,circuz,,5,,
9999,24120,isg-d-s,,5,,
9999,24121,whysoserious-csgo,,5,,
9999,24122,pubscrubz,,5,,
9999,24126,tsg-esports,,5,,
9999,24127,aversion-club,,5,,
9999,24128,cerberus-e-sports-club,,5,,
9999,24129,wildskill-gaming,,5,,
9999,24131,manuplay,,5,,
9999,24132,pension,,5,,
9999,24133,farce,,5,,
9999,24134,keittokeijot,,5,,
9999,24136,tien-len-elektroniske,,5,,
9999,24137,showoff,,5,,
9999,24141,ucsm,,5,,
9999,24142,esportsufa,,5,,
9999,24143,nneka,,5,,
9999,24145,team-8,,5,,
9999,24147,dickhouse,,5,,
9999,24148,ozyria,,5,,
9999,24149,gamersleague,,5,,
9999,24150,wcyd,,5,,
9999,24151,deadly-express,,5,,
9999,24152,ninja-warriors,,5,,
9999,24153,true-ambition,,5,,
9999,24155,findictus,,5,,
9999,24157,topshit,,5,,
9999,24158,team-nextgen,,5,,
9999,24159,solution-gaming,,5,,
9999,24160,panthers-black,,5,,
9999,24163,kommandou,,5,,
9999,24166,hanoi-vortex,,5,,
9999,24167,generation-of-miracles,,5,,
9999,24168,evolocity,,5,,
9999,24169,ab-busters,,5,,
9999,24172,alberta-legends,,5,,
9999,24174,naffix,,5,,
9999,24175,omnific,,5,,
9999,24177,dmnb,,5,,
9999,24178,cruxie-s-farmers,,5,,
9999,24179,tall-bois,,5,,
9999,24180,kyros-cloud,,5,,
9999,24181,team-whiff,,5,,
9999,24183,team-issues,,5,,
9999,24184,legit-silver,,5,,
9999,24186,shockwave,,5,,
9999,24187,lo3,,5,,
9999,24189,wolfpack-can,,5,,
9999,24190,arkhe,,5,,
9999,24191,showhigh,,5,,
9999,24192,we-make-history,,5,,
9999,24194,buddha-blasters,,5,,
9999,24195,true-north,,5,,
9999,24196,ezpz-can,,5,,
9999,24197,headshot-demons,,5,,
9999,24199,bszx,,5,,
9999,24200,beast-mode,,5,,
9999,24202,unitedmass-gaming,,5,,
9999,24203,ex-ussr,,5,,
9999,24211,apg-atlas,,5,,
9999,24212,carbon-esports,,5,,
9999,24213,aperture-gaming,,5,,
9999,24214,5love-gaming,,5,,
9999,24215,dje-aci,,5,,
9999,24216,uber-noobs,,5,,
9999,24217,starfactory,,5,,
9999,24218,glory,,5,,
9999,24219,ytg,,5,,
9999,24220,wkg-cs-go,,5,,
9999,24221,esfd,,5,,
9999,24222,e-blue-china,,5,,
9999,24223,fy,,5,,
9999,24224,respect-a,,5,,
9999,24225,scct,,5,,
9999,24226,xtq,,5,,
9999,24227,l-o-r-d,,5,,
9999,24228,akll,,5,,
9999,24230,blackeye,,5,,
9999,24231,team-rapture-play,,5,,
9999,24232,zdm-gaming,,5,,
9999,24233,suck-my-bullets,,5,,
9999,24234,gda-sk-lions,,5,,
9999,24236,csgo-saloon,,5,,
9999,24238,we-re-faboules,,5,,
9999,24241,flipsid3-tactics-za,,5,,
9999,24242,johnny-bravo-s,,5,,
9999,24243,perilous-fury,,5,,
9999,24244,titan-esports,,5,,
9999,24245,doge-esport,,5,,
9999,24246,qh-pulse,,5,,
9999,24247,gold-dick,,5,,
9999,24248,gros-mec,,5,,
9999,24249,florida-revolution,,5,,
9999,24251,vexxed-phoenix,,5,,
9999,24252,team-menace-fi,,5,,
9999,24254,corde,,5,,
9999,24255,gimmesomecandy,,5,,
9999,24256,epiphany,,5,,
9999,24257,alientech-blue,,5,,
9999,24258,infinity-dfekt,,5,,
9999,24259,team-imperio-multimedia,,5,,
9999,24261,team-replay,,5,,
9999,24262,furious,,5,,
9999,24263,nomad,,5,12900,nomads
9999,24264,team-hottentotta,,5,,
9999,24265,m0nster-white,,5,,
9999,24266,v0rtex-5,,5,,
9999,24267,m0nster-kr,,5,,
9999,24268,gehenna-gaming,,5,,
9999,24269,terribilis,,5,,
9999,24270,gehenna,,5,,
9999,24271,team-atrox,,5,,
9999,24272,team-incessant,,5,,
9999,24274,mvp-academy,,5,13287,xp-academy
9999,24275,egnis-kr,,5,,
9999,24281,t-show,,5,,
9999,24282,monumentalis,,5,,
9999,24283,in5amous,,5,,
9999,24284,1-percentz,,5,,
9999,24285,team-pal,,5,,
9999,24289,whisper,,5,,
9999,24291,kappama,,5,,
9999,24292,slightly-different-gaming,,5,,
9999,24293,raiders-es,,5,,
9999,24294,stacked-like-bricks,,5,,
9999,24296,team-fatal-flash,,5,,
9999,24297,lekstuga,,5,,
9999,24298,why-always-me,,5,,
9999,24299,rubycs,,5,,
9999,24300,smazing,,5,,
9999,24302,team-c-swm,,5,,
9999,24303,onestop,,5,,
9999,24304,moral-alliance,,5,,
9999,24307,niceshot,,5,,
9999,24309,trysoft,,5,,
9999,24310,hotncold,,5,,
9999,24311,o-o,,5,,
9999,24314,pokemonfive,,5,,
9999,24315,team33,,5,,
9999,24316,myrevenge-balkan,,5,,
9999,24317,warmonkeys,,5,,
9999,24318,saw-s-team,,5,,
9999,24319,juhogodx-s-team,,5,,
9999,24320,nasu-s-team,,5,,
9999,24321,killu,,5,,
9999,24323,spiritandpower,,5,,
9999,24324,myrevenge-e-v-pl,,5,,
9999,24325,piraci-z-karaibow,,5,,
9999,24326,golden-childen,,5,,
9999,24327,leftovers-cs-go,,5,,
9999,24328,red-instinct-rising-stars,,5,,
9999,24329,above-the-rest,,5,,
9999,24332,monster-zone-gaming,,5,,
9999,24333,gao-fong-esport,,5,,
9999,24334,verythrowgames,,5,,
9999,24335,insomnia-esports,,5,,
9999,24336,vanish-kr,,5,,
9999,24337,alpha-sydney,,5,,
9999,24340,rasta-infused,,5,,
9999,24341,ionic-gg,,5,,
9999,24342,pick-n-mix,,5,,
9999,24343,perilous-csgosphere,,5,,
9999,24344,enemies-in-disbelief,,5,,
9999,24345,winners,,5,,
9999,24349,boomcs,,5,,
9999,24350,team-illusion,,5,,
9999,24357,ilha-da-macacada,,5,,
9999,24358,ballern,,5,,
9999,24359,valfard,,5,,
9999,24360,online1337,,5,,
9999,24361,inetgamer,,5,,
9999,24362,suola,,5,,
9999,24363,sunset-boulevard-cup,,5,,
9999,24364,redbeaks-esports,,5,,
9999,24365,sb-red,,5,,
9999,24366,maver1ck,,5,,
9999,24367,nl-gaming,,5,,
9999,24368,koncsok-maffia,,5,,
9999,24369,new-era-cs-go,,5,,
9999,24370,lotta-lotion,,5,,
9999,24372,recess-no,,5,,
9999,24373,nabbacash,,5,,
9999,24374,kvikksikterne,,5,,
9999,24375,ja,,5,,
9999,24376,billy-hylle,,5,,
9999,24377,rageplay-no,,5,,
9999,24378,skinkerytterne,,5,,
9999,24379,snake-on-the-gathering,,5,,
9999,24380,gg1337,,5,,
9999,24381,asser-gaming,,5,,
9999,24383,venko-gaming,,5,,
9999,24384,sauce-machine,,5,,
9999,24385,team-syrinxx,,5,,
9999,24386,team-bibanator,,5,,
9999,24387,team-ironiehelm,,5,,
9999,24389,in-finity,,5,,
9999,24390,nonnerid,,5,,
9999,24391,csgopoker,,5,,
9999,24392,xpresive-club,,5,,
9999,24393,unbound-fi,,5,,
9999,24394,9tyeight,,5,,
9999,24396,daxz,,5,,
9999,24397,dotastars,,5,,
9999,24401,esport-engine,,5,,
9999,24403,invited,,5,,
9999,24407,creation-5peaks,,5,,
9999,24408,raised-by-wolves,,5,,
9999,24410,unk1nd,,5,,
9999,24412,rushb,,5,,
9999,24413,rgs,,5,,
9999,24415,awesomeguys,,5,,
9999,24418,stronggaming,,5,,
9999,24419,efuture-beijing,,5,,
9999,24423,xym,,5,,
9999,24425,awesomniac,,5,,
9999,24426,3d-fr,,5,,
9999,24427,enemy-intelligence,,5,,
9999,24428,bx3-2,,5,,
9999,24429,homesent,,5,,
9999,24431,exabf4,,5,,
9999,24432,attempt-9,,5,,
9999,24433,dreamon,,5,,
9999,24434,tenaciousgaming,,5,,
9999,24436,dead-element-gaming,,5,,
9999,24438,still-playing-video-games,,5,,
9999,24439,pocketglobe,,5,,
9999,24440,five-deep,,5,,
9999,24441,royal-flush-seven,,5,,
9999,24443,memestars,,5,,
9999,24444,n0-0rg,,5,,
9999,24445,oink-oink,,5,,
9999,24446,leveldown-fr,,5,,
9999,24447,normandy-viking-gaming,,5,,
9999,24448,operation-kino-cs-go,,5,,
9999,24449,remo-brave-e-sports,,5,,
9999,24451,true-esport,,5,,
9999,24452,team-alientech-br,,5,,
9999,24454,ja-vi,,5,,
9999,24456,karnal-mvp,,5,,
9999,24457,deaka,,5,,
9999,24458,eyesight,,5,,
9999,24459,h-mazters,,5,,
9999,24460,last-resort,,5,,
9999,24461,wasps-e-sport,,5,,
9999,24462,szefostwo,,5,,
9999,24465,united,,5,,
9999,24466,cnxa,,5,,
9999,24467,ventus-gaming,,5,,
9999,24468,edenfun-gaming,,5,,
9999,24469,bizon-until-we-tilt,,5,,
9999,24470,girthboys,,5,,
9999,24472,aogiri-tree,,5,,
9999,24473,soulside,,5,,
9999,24474,krypto-gaming,,5,,
9999,24480,zerotp,,5,,
9999,24481,batcat,,5,,
9999,24482,dirty-dildos,,5,,
9999,24483,teet,,5,,
9999,24484,infinity-cs-go,,5,,
9999,24485,rektumriderss,,5,,
9999,24486,black-on-inside,,5,,
9999,24487,fuckin-5,,5,,
9999,24488,to-the-top,,5,,
9999,24490,piter-online,,5,,
9999,24491,ts-netteux,,5,,
9999,24492,obscene-esports,,5,,
9999,24494,motes,,5,,
9999,24495,tortues-ninja,,5,,
9999,24496,raeg,,5,,
9999,24497,ilovetw,,5,,
9999,24498,pentagram,,5,,
9999,24499,shaaveji,,5,,
9999,24500,pro-era,,5,,
9999,24502,animus,,5,,
9999,24503,csmines,,5,,
9999,24506,ymcsw,,5,,
9999,24507,incognito,,5,,
9999,24508,phantoms-esports-club,,5,,
9999,24509,los-mariachis,,5,,
9999,24510,doges-gg,,5,,
9999,24524,lddm-e-sports,,5,,
9999,24526,north-cs,,5,,
9999,24527,z0000,,5,,
9999,24528,clan-mystik2,,5,,
9999,24529,nexus-experience,,5,,
9999,24534,aimerzz,,5,,
9999,24536,inet,,5,,
9999,24537,heavystompers,,5,,
9999,24538,blackmice,,5,,
9999,24544,team-cypher,,5,,
9999,24545,3p-esports,,5,,
9999,24546,zero-damage,,5,,
9999,24547,brewtopia-esports,,5,,
9999,24548,tris-sviitras,,5,,
9999,24549,bfs,,5,,
9999,24557,invisible-wings,,5,,
9999,24558,dare2dream,,5,,
9999,24559,go-easy,,5,,
9999,24560,legions-of-doom,,5,,
9999,24561,webreakteams,,5,,
9999,24562,blitz-gaming,,5,,
9999,24564,a3,,5,,
9999,24566,entity-gold,,5,,
9999,24567,the-council,,5,,
9999,24573,online-stars,,5,,
9999,24578,entity-blue,,5,,
9999,24588,rplmix,,5,,
9999,24590,planetenog,,5,,
9999,24597,zermagi,,5,,
9999,24599,newnature,,5,,
9999,24601,pichau-e-sports,,5,,
9999,24602,toggletony,,5,,
9999,24603,i-love-nana,,5,,
9999,24604,smecta-africa,,5,,
9999,24609,team-brave-soldiers-cs,,5,,
9999,24614,ezmarket-org,,5,,
9999,24615,trepunktnoll,,5,,
9999,24616,hskontoret,,5,,
9999,24628,kun-jyder,,5,,
9999,24636,thebeasts,,5,,
9999,24676,gayniggaesports,,5,,
9999,24680,the-legion,,5,,
9999,24694,slovenska-a-ceska-elita,,5,,
9999,24848,eclipse-go,,5,,
9999,24849,evl,,5,,
9999,24850,neckbeard-gaming,,5,,
9999,24851,team-tekkin,,5,,
9999,24866,kung-fu-pandits,,5,,
9999,24895,team-midknights,,5,,
9999,24903,ichorous,,5,,
9999,24904,nativ,,5,,
9999,24905,hardcore,,5,,
9999,24907,fragsport,,5,,
9999,24908,tainted-black,,5,,
9999,24910,leonid-gaming,,5,,
9999,24911,team-tbd,,5,,
9999,25244,ice-e-sports-club,,5,,
9999,25245,solutions,,5,,
9999,25246,wrist-art-gaming,,5,,
9999,25308,team-instinct,,5,,
9999,25393,enzimatik-gaming,,5,,
9999,25423,a2-sports,,5,,
9999,25547,upgaming,,5,,
9999,25646,zentralis,,5,,
9999,25675,nexus-nordic,,5,,
9999,25686,teamarvaikheer,,5,,
9999,25715,teamextrme,,5,,
9999,25755,caedo,,5,,
9999,25756,accrue-gaming,,5,,
9999,25774,mercenaries,,5,,
9999,25775,1percent-academy,,5,,
9999,25776,zeez,,5,,
9999,25777,mmg-ftr,,5,,
9999,25780,goodguys,,5,,
9999,25781,lnc,,5,,
9999,25782,siberius-gg,,5,,
9999,25783,velspro,,5,,
9999,25824,en-av-de-lette,,5,,
9999,25837,fortitude-gaming,,5,,
9999,25849,faith-esports,,5,,
9999,25904,lightspeed-esports,,5,,
9999,25920,parasyte,,5,,
9999,25942,mazecube,,5,,
9999,25947,dragon-slayer-team-h,,5,,
9999,26015,sun,,5,,
9999,26060,netizen-esports,,5,,
9999,26118,rough-times,,5,,
9999,26121,sharkles,,5,,
9999,26267,nadvens-team,,5,,
9999,26270,southeasters,,5,,
9999,26275,team-monkey-s,,5,,
9999,26283,magic-stars,,5,,
9999,26284,o7q1-wolves,,5,,
9999,26285,royal-bandits-black,,5,,
9999,26286,generation-digital,,5,,
9999,26287,tunisia-with-love,,5,,
9999,26288,no-relation-team,,5,,
9999,26289,drinkpizza,,5,,
9999,26290,demonlaget,,5,,
9999,26291,bjestvata,,5,,
9999,26292,wod,,5,,
9999,26704,death-esport,,5,,
9999,26706,true-blue-esports,,5,,
9999,26844,zer0-expectations,,5,,
9999,26893,foxfire-gaming,,5,,
9999,27044,nada-e-sports,,5,,
9999,27077,lange-jassen-gang,,5,,
9999,27207,mameluke,,5,,
9999,27220,nara-gaming,,5,,
9999,27256,team-kill-first,,5,,
9999,27448,ex-counter-logic-gaming,,5,,
9999,27464,ex-dark-sided,,5,,
9999,27470,garuda,,5,,
9999,27539,vencety-esports,,5,,
9999,27585,kritconfirm-csgo,,5,,
9999,27615,uncrowned-kings,,5,,
9999,27637,nation-5,,5,,
9999,27793,friends,,5,,
9999,27794,skillside,,5,,
9999,27801,nem-viu,,5,,
9999,27802,onfire,,5,,
9999,27974,boysofcellblock,,5,,
9999,28034,optimisticcs,,5,,
9999,28171,team-wardogs,,5,,
9999,28222,roshock-gaming,,5,,
9999,28292,sk-i-ll-er,,5,,
9999,28341,super-lucky-rushers,,5,,
9999,28347,jyderne-og-asger,,5,,
9999,28365,crysix-esports,,5,,
9999,28366,swarmio-gg,,5,,
9999,28367,nsic,,5,,
9999,28395,centrelink-esc,,5,,
9999,28396,centrelink-esc-fe,,5,,
9999,28404,jumanji,,5,,
9999,28405,muppet-gaming,,5,,
9999,28416,make-money-not-friends,,5,,
9999,28417,musis-mirit-na-telo,,5,,
9999,28470,cafardinho-esport,,5,,
9999,28471,aaawp,,5,,
9999,28472,free-agent,,5,,
9999,28550,autistimatic,,5,,
9999,28551,lasttry,,5,,
9999,28552,julefar,,5,,
9999,28553,losfilflas,,5,,
9999,28562,godlike-esports,,5,,
9999,28563,morior,,5,,
9999,28565,shark33,,5,,
9999,28566,daisukefanclub,,5,,
9999,28567,fire-extinguisher,,5,,
9999,28568,thailandany1,,5,,
9999,28569,timingpro,,5,,
9999,28570,rising-runners,,5,,
9999,28571,wolfforce,,5,,
9999,28574,stif-cex-with-joe,,5,,
9999,28575,enclave,,5,,
9999,28594,ex-espada,,5,,
9999,28636,wombats,,5,,
9999,28637,sausages-on-bred,,5,,
9999,28638,extricity,,5,,
9999,28674,exoskeleton,,5,,
9999,28766,ayyyyy-lmao,,5,,
9999,28767,some-assembly-required,,5,,
9999,28768,junck,,5,,
9999,28976,psykologerna,,5,,
9999,28986,team-bandit5,,5,,
9999,29038,smooth-criminals-academy,,5,,
9999,29113,team-luminary,,5,,
9999,29114,pat-s-money-crew,,5,,
9999,29153,vns-gaming,,5,,
9999,29165,de-impalers,,5,,
9999,29166,etttvatre,,5,,
9999,29218,20cm,,5,,
9999,29295,ak-gaming,,5,,
9999,29296,noholedonut,,5,,
9999,29297,they-don-t-know,,5,,
9999,29313,frisky-gets-carried-v3,,5,,
9999,29315,dare-rising,,5,,
9999,29316,xgr-x,,5,,
9999,29323,overpowered,,5,,
9999,29387,stigma-esports,,5,,
9999,29434,kebab-3000,,5,,
9999,29435,epi-c-tout,,5,,
9999,29441,phaze8gaming,,5,,
9999,29449,the-suspects,,5,,
9999,29747,lightning-bolt,,5,,
9999,29752,lastreetzer,,5,,
9999,29765,colossal-esports,,5,,
9999,29769,team-q3,,5,,
9999,29777,nordic-hounds,,5,,
9999,29916,ranas-raenys,,5,,
9999,29933,especial-esports,,5,,
9999,29952,athletico-academy,,5,,
9999,29953,the-trash-pandas,,5,,
9999,29954,funkay-monkays,,5,,
9999,29955,plusvee,,5,,
9999,30062,sentry-gaming,,5,,
9999,30127,severe,,5,,
9999,30129,wrg-aspire,,5,,
9999,30130,berzerk-gaming,,5,,
9999,30131,pixel-hunters,,5,,
9999,30166,unready,,5,,
9999,30278,empire-black,,5,,
9999,30283,toxicc-field-family,,5,,
9999,30300,izako-tigers,,5,,
9999,30515,mistak3z,,5,,
9999,30589,kembers,,5,,
9999,30646,dogma-e-sports,,5,,
9999,30683,elisyum,,5,,
9999,30703,thunderoface,,5,,
9999,30761,sorby-academy-wrong,,5,,
9999,30869,dks-extra,,5,,
9999,30870,jie,,5,,
9999,30871,hy-strive,,5,,
9999,30872,noname-gaming,,5,,
9999,30873,dream-of-life,,5,,
9999,30874,ridog,,5,,
9999,30877,yacht,,5,,
9999,30878,watchdog,,5,,
9999,30879,ganla-nanning,,5,,
9999,30880,ready-player-one,,5,,
9999,30881,mao-ying-peng-hua-ying-peng-luan,,5,,
9999,30882,gy-gaming,,5,,
9999,30913,silakkapvp,,5,,
9999,30936,us1,,5,,
9999,30957,si-chang,,5,,
9999,30958,xie,,5,,
9999,30959,ctg-club,,5,,
9999,30960,gaming,,5,,
9999,30961,hg-united,,5,,
9999,30971,b-beasts,,5,,
9999,30972,ogn,,5,,
9999,30973,fx,,5,,
9999,30986,sentury,,5,,
9999,31044,team-bluewolves,,5,,
9999,31047,team-smooya,,5,,
9999,31048,team-rain,,5,,
9999,31063,adriatic-team,,5,,
9999,31127,ready,,5,,
9999,31237,cb-online-esport,,5,,
9999,31239,cb-online-esport,,5,,
9999,31318,the-secret-evil-five,,5,,
9999,31366,psikoesport,,5,,
9999,31398,luxor-esports,,5,,
9999,31400,rurnbles-esport,,5,,
9999,31401,benzin,,5,,
9999,31402,hentaiweeaboomasterl,,5,,
9999,31493,old-school,,5,,
9999,31494,nemesis-fe,,5,,
9999,31567,emonkeyz,,5,,
9999,31603,rangsit-e-sport,,5,,
9999,31604,abac-esports,,5,,
9999,31605,kku-esports,,5,,
9999,31606,ku-league,,5,,
9999,31607,mut-e-sports,,5,,
9999,31608,buu-esports,,5,,
9999,31620,zloplay,,5,,
9999,31688,evolution,,5,,
9999,31755,invectus,,5,,
9999,31818,the-mad-vipers,,5,,
9999,31853,the-gamers,,5,,
9999,31859,straight-outta-redhero,,5,,
9999,31918,we,,5,,
9999,31919,team-gravity,,5,,
9999,31927,team-divitus,,5,,
9999,31944,rlylarge,,5,,
9999,32003,instict,,5,,
9999,32085,team-esport-partner,,5,,
9999,32119,colonial-esports,,5,,
9999,32167,teamwoof,,5,,
9999,32279,cybet-l33t,,5,,
9999,32408,riqqi-owns-u,,5,,
9999,32473,acide,,5,,
9999,32821,silentiger,,5,,
9999,32823,team-modum,,5,,
9999,32976,wind-of-changes,,5,,
9999,33154,sixers-gaming,,5,,
9999,33360,adamantly-team,,5,,
9999,33383,sons-of-scoots,,5,,
9999,33420,liminka,,5,,
9999,33421,team-rotw,,5,,
9999,33510,ownagio,,5,,
9999,33541,volta7,,5,,
9999,33615,single-daddy,,5,,
9999,33628,altplay,,5,,
9999,33644,pangea-dragons,,5,,
9999,33645,team-ingame-academy,,5,,
9999,33684,lanproven,,5,,
9999,33739,nextviygraem,,5,,
9999,33769,granderek,,5,,
9999,33770,the-almighty-soldiers,,5,,
9999,33791,tempo,,5,,
9999,33793,galna-gamers,,5,,
9999,33796,ratvi,,5,,
9999,33799,team-turtle,,5,,
9999,33801,feral-esports,,5,,
9999,33802,foreseen,,5,,
9999,33808,augchamp-esports,,5,,
9999,33824,futurista-gaming,,5,,
9999,33854,amarok,,5,,
9999,33857,main-awp,,5,,
9999,33955,pololocosquad,,5,,
9999,34046,ex-mc,,5,,
9999,34050,trust-universe,,5,,
9999,34051,ex-lilmix,,5,,
9999,34052,cigg-innan-match,,5,,
9999,34054,wine-and-rain,,5,,
9999,34055,mixitt,,5,,
9999,34056,astral-vikings,,5,,
9999,34057,hahaprank,,5,,
9999,34060,immunedropouts,,5,,
9999,34080,raions,,5,,
9999,34152,myrevenge-e-v-dk,,5,,
9999,34201,carnation,,5,,
9999,34313,4xduurder,,5,,
9999,34314,drochmondo,,5,,
9999,34329,dgamers,,5,,
9999,34330,blue-revision,,5,,
9999,34462,ex-london-esports,,5,,
9999,34467,chemicalrush,,5,,
9999,34470,old-dream,,5,,
9999,34472,infusion-gaming,,5,,
9999,34475,reaperz-esports,,5,,
9999,34477,egn-female,,5,,
9999,34535,alpha-female,,5,,
9999,34547,starwish-e-sports,,5,,
9999,34712,godbrand,,5,,
9999,34768,2ez-academy,,5,,
9999,34951,agarthas,,5,,
9999,34952,cephei,,5,,
9999,35070,17bj-gaming,,5,,
9999,35081,rova,,5,,
9999,35368,polish-dynamite,,5,,
9999,35369,rockstar,,5,,
9999,35370,fragmasters-toxic,,5,,
9999,35371,rumix,,5,,
9999,35372,vonderfuf,,5,,
9999,35373,abcd,,5,,
9999,35374,envize,,5,,
9999,35375,team-mude,,5,,
9999,35376,again,,5,,
9999,35380,trill,,5,,
9999,35381,elements-gaming,,5,,
9999,35424,cs-goetter,,5,,
9999,35425,gaskungen,,5,,
9999,35430,nevr-givup,,5,,
9999,35431,1gskills,,5,,
9999,35432,winning-is-everything,,5,,
9999,35452,esuba-intel,,5,,
9999,35458,eastern-wizards,,5,,
9999,35459,milf-goes-europe,,5,,
9999,35557,bio-quantum,,5,,
9999,35563,f4-gaming,,5,,
9999,35598,toesports,,5,,
9999,35644,pokemonband,,5,,
9999,35742,teamwin,,5,,
9999,35743,lolzteam1337,,5,,
9999,35802,ex-airborne,,5,,
9999,35832,teamwin,,5,,
9999,35833,teamwin,,5,,
9999,35848,overpowering,,5,,
9999,35867,ninja-origins,,5,,
9999,35870,teamwin,,5,,
9999,35934,12,,5,,
9999,35936,iw4,,5,,
9999,35963,gggggg,,5,,
9999,36001,saves-esports-old,,5,,
9999,36007,mikojo,,5,,
9999,36009,warriorz,,5,,
9999,36037,pullstoplay,,5,,
9999,36085,hui,,5,,
9999,36106,moscow17,,5,,
9999,36141,wang-yuan-jun,,5,,
9999,36160,helldogs,,5,,
9999,36167,ablaze-gaming,,5,,
9999,36281,kenasi-gaming,,5,,
9999,36350,v-team,,5,,
9999,36368,biceps,,5,,
9999,36369,radioactive,,5,,
9999,36404,ex-skyfire,,5,,
9999,36422,kamiontopmodell,,5,,
9999,36640,sikt-skyt-drep,,5,,
9999,36686,easybutawesome,,5,,
9999,36740,gsg9,,5,,
9999,36867,aimlock,,5,,
9999,37103,sadboys,,5,,
9999,37115,ex-no-limit-gaming,,5,,
9999,37219,flipsid3,,5,,
9999,37268,ember-skins,,5,,
9999,37288,daneshan,,5,,
9999,37386,ex-r-ot-gaming,,5,,
9999,37387,ex-mako-esports-club,,5,,
9999,37456,groobies,,5,,
9999,37464,planflyg,,5,,
9999,37787,mayhem-gg,,5,,
9999,37788,everton,,5,,
9999,37926,immortals-gg,,5,,
9999,37928,astralis,,5,,
9999,37951,og,,5,,
9999,38127,team11,,5,,
9999,38572,teampalm,,5,,
9999,38690,ragepower,,5,,
9999,38751,reformados-21,,5,,
9999,39139,justbusin,,5,,
9999,39185,ex-north,,5,,
9999,39222,9nine,,5,,
9999,39647,stream-team,,5,,
9999,41110,gamex-esports,,5,,
9999,41111,asteriuz,,5,,
9999,41114,bearch-gaming,,5,,
9999,41318,darkspawn-gaming,,5,,
9999,41319,bulldog-esports,,5,,
9999,41468,ex-penta-sports,,5,,
9999,41558,to-be-decided6-cs,,5,,
9999,41559,to-be-decided7-cs,,5,,
9999,41733,bramburky,,5,,
9999,41977,punk-esports,,5,,
9999,42155,silent-insanity,,5,,
9999,42186,logo-gaming,,5,,
9999,42301,team-kosovo,,5,,
9999,42395,yeaksa,,5,,
9999,42601,baltic-coast,,5,,
9999,42842,project,,5,,
9999,42873,th3-ma-ter,,5,,
9999,43439,ex-exploit-esports,,5,,
9999,43777,for-deletion,,5,,
9999,43779,young-gods-old,,5,,
9999,44185,team-azor,,5,,
9999,44233,15-average-gaming,,5,,
9999,44276,pandas9,,5,,
9999,44277,mars-esports,,5,,
9999,44278,one-tap-academy,,5,,
9999,44362,lausanne-sport-esports,,5,,
9999,44365,project-gorillas,,5,,
9999,44428,norsera-esports-wrong,,5,,
9999,44765,built-different,,5,,
9999,44767,dynasty-club-esports,,5,,
9999,44768,tropical,,5,,
9999,44769,tr0jan,,5,,
9999,44770,1stroundext,,5,,
9999,44805,pizza,,5,,
9999,44806,gameur,,5,,
9999,44807,yeet,,5,,
9999,44818,iat-gg,,5,,
9999,44905,fragnetic-esports,,5,,
9999,45432,fambit-slayers,,5,,
9999,45662,glorytoukraine,,5,,
9999,45700,ex-bth-esports,,5,,
9999,45746,team-ukraine,,5,,
9999,46411,how-bad-u-are,,5,,
9999,46479,union-association,,5,,
9999,46484,mozila,,5,,
9999,46645,ex-wisla-krakow,,5,,
9999,46841,whateverxd,,5,,
9999,46842,2hella-ap,,5,,
9999,47283,predvlotl,,5,,
9999,47659,cairo-city-gzzz,,5,,
9999,47836,ex-ktrl,,5,,
9999,48005,wlwj,,5,,
9999,48031,plan-b-gaming,,5,,
9999,48075,1hit-wonder,,5,,
9999,48076,pitstop,,5,,
9999,48077,20winrate,,5,,
9999,48079,blue-fire,,5,,
9999,48082,qkomie,,5,,
9999,48083,elshockerinho,,5,,
9999,48084,old-dogs,,5,,
9999,48398,havoc-nxt,,5,,
9999,48499,claus-disciple,,5,,
9999,48568,uoa,,5,,
9999,48582,asianprotection,,5,,
9999,48858,pcific-espor,,5,,
9999,49149,trancevibes,,5,,
9999,49897,team-france-female,,5,,
9999,49898,team-netherlands-female,,5,,
9999,49899,team-portugal-female,,5,,
9999,49903,team-denmark-female,,5,,
9999,50524,suibianwanwan,,5,,
9999,50526,game-men,,5,,
9999,50591,ex-verdant,,5,,
9999,50661,3tristestigres,,5,,
9999,50663,craquesdaliga,,5,,
9999,51001,cheems-love,,5,,
9999,51002,dope-esports,,5,,
9999,51104,yikes,,5,,
9999,51243,cocacolacola,,5,,
9999,51296,globielite,,5,,
9999,51297,langaroos,,5,,
9999,51481,cityboyz,,5,,
9999,51800,benamisos,,5,,
9999,51879,ex-bebold-gg,,5,,
9999,52048,chrysanthemum,,5,,
9999,52107,elusiveza-s-party,,5,,
9999,52170,rise-in-silence,,5,,
9999,52174,ex-hype-e-sports,,5,,
9999,52282,vexar,,5,,
9999,52940,cube-by-snd,,5,,
9999,52946,monarch-realm,,5,,
9999,53055,just1life-gaming,,5,,
9999,53056,reveal-academy,,5,,
9999,53057,survey-corps,,5,,
9999,53058,team-ninjaparentz,,5,,
9999,53185,diamant-esports,,5,,
9999,53303,lutiker2,,5,,
9999,53305,3030,,5,,
9999,53541,old-man-gang,,5,,
9999,53557,avalon,,5,,
9999,53558,relative,,5,,
9999,53716,costco-guys,,5,,
9999,53733,split,,5,,
9999,53734,linx-legacy-vendetta,,5,,
9999,53822,brain-dead-boys,,5,,
9999,53957,card,,5,,
9999,53958,onemore-esports,,5,,
9999,54089,yume,,5,,
9999,54097,team-slovakia-female,,5,,
9999,54098,team-germany-female,,5,,
9999,54102,ex-exo-clan,,5,,
9999,54150,fengda,,5,12899,fengda
9999,54296,ex-sissi-state-punks,,5,,
9999,54325,bad-news-boks,,5,,
9999,54329,mmm,,5,,
9999,54330,amped-red,,5,,
9999,54331,alter-iron,,5,,
9999,54335,siuuuuuu,,5,,
9999,54377,backwhenever,,5,,
9999,54414,trailblazers,,5,,
9999,54591,kitsune-fe,,5,,
9999,54767,ex-9ine-academy,,5,,
9999,54773,take-flyte-kings,,5,,
9999,54839,uniao-brarg,,5,,
9999,54945,new-generation-academy,,5,,
9999,54980,half-natty,,5,,
9999,55049,n1,,5,,
9999,55063,poohank,,5,,
9999,55095,artgamerz,,5,,
9999,55207,needachance,,5,,
9999,55302,galaxy-racer,,5,,
9999,55343,evarus,,5,,
9999,55344,dragondeez,,5,,
9999,55345,three11,,5,,
9999,55346,swift,,5,,
9999,55360,bunker-esport,,5,,
9999,55391,chimera-esports,,5,,
9999,55411,dddddddgsgsg,,5,,
9999,55412,huehue,,5,,
9999,55413,ehn,,5,,
9999,55442,team-akash1vl,,5,,
9999,55483,ex-arrow,,5,,
9999,55487,partizan-valkyries,,5,,
9999,55520,desassalariados,,5,,
9999,55560,o-block-esports,,5,,
9999,55561,retired-aimers,,5,,
9999,55562,carbonx-academy,,5,,
9999,55753,milked,,5,,
9999,55758,wise-black,,5,,
9999,55762,roler-coaster,,5,,
9999,55863,team-fcmfl,,5,,
9999,55864,team-amkal,,5,,
9999,55892,neoera-esports,,5,,
9999,55907,team-fc10,,5,,
9999,55908,team-hoops,,5,,
9999,55919,ex-talon,,5,,
9999,55930,hryvnia-squad,,5,,
9999,55931,hyperspeed,,5,,
9999,55963,hooligangster,,5,,
9999,56078,team-aquile,,5,,
9999,56086,fromthemud,,5,,
9999,56087,sera-esport-sweden,,5,,
9999,56088,ket-gaming,,5,,
9999,56103,eternal-fire-young,,5,,
9999,56142,f1ve,,5,,
9999,56143,ruthless,,5,,
9999,56157,team-dyrachyo,,5,,
9999,56158,team-cs2news,,5,,
9999,56204,mousquetaires,,5,,
9999,56242,aga-peek,,5,,
9999,56247,the-mongolz-2016,,5,,
9999,56275,moneyball,,5,,
9999,56321,viskipullo,,5,,
9999,56328,u-geist,,5,,
9999,56330,team-pgl,,5,,
9999,56331,team-winline,,5,,
9999,56332,team-good-luck,,5,,
9999,56333,team-have-fun,,5,,
9999,56336,mxm,,5,,
9999,56342,nocturnal-esports,,5,,
9999,56349,gamuzo-esports,,5,,
9999,56485,team-spirit-academy-black,,5,,
9999,56486,team-spirit-academy-white,,5,,
9999,56543,ex-super-phalanx,,5,,
9999,56548,foi-esports,,5,,
9999,56549,fer-esports,,5,,
9999,56550,tvz-esports,,5,,
9999,56551,fsb-esport,,5,,
9999,56563,sicarios,,5,,
9999,56607,offside,,5,,
9999,56659,concept-cult,,5,,
9999,56764,3dmax-academy,,5,,
9999,56766,team-delight,,5,,
9999,56767,team-chriswave,,5,,
9999,56813,team-latvia-female,,5,,
9999,56882,huskies-esports,,5,,
9999,56889,ostrye-konki,,5,,
9999,56890,iceshot,,5,,
9999,56891,full-buy,,5,,
9999,56892,kapu-v-kragu,,5,,
9999,56938,krutovladci,,5,,
9999,56939,radar59,,5,,
9999,56958,nemesis,,5,11345,nemesis
9999,56959,tbo-esports,,5,,
9999,56962,pro-letariadas,,5,,
9999,56963,justwgirls,,5,,
9999,56964,ex-tsunami,,5,,
9999,9069,team-serbia,,5,,
9999,37465,moneytrees,,5,,
9999,39781,vezet,,5,,
9999,47009,doodlebob,,5,,
9999,49363,ks,,5,,
9999,53542,team-flow,,5,,
9999,54145,homyno,,5,,
9999,54365,losteverysense,,5,,
9999,55037,nevermore,,5,,
9999,55057,team-genesium,,5,,
9999,55068,immigrants-peek,,5,,
9999,55432,hedensted-x-sera,,5,,
9999,55480,eco-warriors,,5,,
9999,55521,procamp,,5,,
9999,55693,spray-jutsu,,5,,
9999,55750,flashback-gaming,,5,,
9999,55760,fudidos-e-anonymous,,5,,
9999,55926,looking4sponsor,,5,,
9999,55928,grand-masters,,5,,
9999,55945,clam-lips,,5,,
9999,55966,bombardino-crocodilo,,5,,
9999,56035,banzai,,5,,
9999,56107,reverse-sweep-gaming,,5,,
9999,56115,colizeumkg,,5,,
9999,56153,mis-esports,,5,,
9999,56320,ex-permitta-esports,,5,,
9999,56383,disturbia,,5,,
9999,56392,watermel0n,,5,,
9999,56413,xp-academy,,5,,
9999,56440,relapse,,5,,
9999,56545,verbal-abusers,,5,,
9999,56561,endless-journey,,5,,
9999,56601,team-darkstuff,,5,,
9999,56603,mission-winnow,,5,,
9999,56615,#NAME?,,5,,
9999,56647,newteamcs2,,5,,
9999,56653,nxt,,5,13303,nxt
9999,56660,snooze,,5,,
9999,56784,animus-victoria,,5,,
9999,56822,major winners,,5,13325,major-winners
9999,56823,youngtalents,,5,,
9999,56885,astral-esports,,5,,
9999,56928,baitpeekkk,,5,,
9999,56929,e-mafia,,5,,
9999,56932,echowave,,5,,
9999,9078,team-belarus,,5,,
9999,9080,team-france,,5,13271,zerance
9999,17857,team-ireland,,5,,
9999,18279,shadows,,5,,
9999,32885,alter-ego,,5,,
9999,39133,steel-helmet,,5,,
9999,41649,team-north-macedonia,,5,,
9999,44410,x,,5,,
9999,45134,nixuh,,5,,
9999,45136,largadosypelados,,5,,
9999,45333,team-spain,,5,,
9999,45420,team-albania,,5,,
9999,49473,nii-kerge,,5,,
9999,51510,noshyjustshine,,5,,
9999,52585,komnata,,5,,
9999,52971,team-pigeons,,5,,
9999,53049,vitaplur,,5,,
9999,53188,gunrunners,,5,,
9999,53711,1a2a3a,,5,,
9999,53906,censored,,5,,
9999,53907,raregodz,,5,,
9999,54248,marca registrada,,5,12927,marca-registrada
9999,54324,aitu,,5,,
9999,54364,vignis-esports,,5,,
9999,54564,rage,,5,,
9999,54723,nuclear-tigeres,,5,,
9999,55164,pigsty,,5,,
9999,55188,c-s-d-e,,5,,
9999,55759,7rex,,5,,
9999,55794,team-nostalgia,,5,,
9999,55828,krakenseasgg,,5,,
9999,55830,guangdong-tigers,,5,,
9999,55878,rey-esports,,5,,
9999,55893,tnc,,5,5257,tnc
9999,55895,dru%C5%BCynaspecjalnejtroski,,5,,
9999,55896,wudokopter,,5,,
9999,55897,mollitiem,,5,,
9999,55902,msklaners,,5,,
9999,55904,the-animals,,5,,
9999,55912,csgopositive,,5,,
9999,55913,the-le-bobix,,5,,
9999,55920,gcsy,,5,,
9999,55938,kraken-black,,5,,
9999,55941,volatile,,5,,
9999,55943,arrival-seven,,5,,
9999,55951,training-wheels,,5,,
9999,55953,da-jokas,,5,,
9999,55960,csg0ds,,5,,
9999,55973,griffin-esports,,5,,
9999,55989,tropa-do-dj,,5,,
9999,56104,twenty-seven,,5,,
9999,56116,nurtrade-gaming,,5,,
9999,56162,divergent,,5,,
9999,56174,w0wclan,,5,,
9999,56175,super-phalanx,,5,,
9999,56179,no-desire,,5,,
9999,56181,nicetry,,5,,
9999,56239,forever,,5,,
9999,56241,lord-waddles-duckington,,5,,
9999,56243,kabanchiki,,5,,
9999,56245,team-dad-buff,,5,,
9999,56282,lased,,5,,
9999,56380,panicattheveto,,5,,
9999,56381,boxed,,5,,
9999,56384,currycorner,,5,,
9999,56385,minus30pertimme,,5,,
9999,56415,yap-city,,5,,
9999,56459,noscope-esports,,5,,
9999,56487,cskejsaren,,5,,
9999,56495,ronin5,,5,,
9999,56537,project-h1,,5,,
9999,56544,vorpal-swords,,5,,
9999,56552,team-babinkos,,5,,
9999,56562,roadtotokyo,,5,,
9999,56569,phaze,,5,,
9999,56599,mwoof-left-me,,5,,
9999,56604,ezg-reborn-v2,,5,,
9999,56606,hostages,,5,,
9999,56608,inet-esport,,5,,
9999,56613,nextgen-esports,,5,,
9999,56614,fastmen,,5,,
9999,56616,watch-out,,5,,
9999,56618,pijem-bawim-sie,,5,,
9999,56640,lvg,,5,,
9999,56648,playfire,,5,,
9999,56733,doner,,5,,
9999,56734,4ever,,5,,
9999,56736,baicool-express,,5,,
9999,56787,drosselfamily,,5,,
9999,56824,loveset,,5,,
9999,56825,sixixixixix,,5,,
9999,56835,boop-boop-gang,,5,,
9999,56845,omen-esports,,5,,
9999,56886,inwesko,,5,,
9999,56907,i2k-esports,,5,,
9999,56909,dwf-group,,5,,
9999,56910,synical,,5,,
9999,56911,rubber-dinghy-rapids,,5,,
9999,56915,csdiilit,,5,,
9999,56937,lads,,5,,
9999,56940,stragasonhos,,5,13349,stragasonhos
9999,17915,millennium,,5,,
9999,22977,havu-gaming,,5,,
9999,29347,team-uk,,5,,
9999,31553,team-sweden-female,,5,,
9999,32604,shipachi,,5,,
9999,44734,aimerlegion,,5,,
9999,47281,takemeaway-gaming,,5,,
9999,51652,atrix-esports,,5,,
9999,52947,kitsune-esports,,5,,
9999,52964,orbital-vsat-online,,5,,
9999,53187,sneaky-foxes,,5,,
9999,54107,yamato,,5,,
9999,54375,shadow-wizard-money,,5,,
9999,54389,prestige-esport,,5,,
9999,54590,pikejagarna,,5,,
9999,54610,8sins,,5,13024,8sins
9999,54618,mission-possible,,5,,
9999,54965,powermix,,5,,
9999,55171,quebon,,5,,
9999,55635,vizora-esports,,5,,
9999,55740,mindshock,,5,,
9999,55829,loboarmy,,5,,
9999,55850,the-hunters,,5,,
9999,55865,klanpedrajas,,5,,
9999,55891,enjoy,,5,,
9999,55990,burn,,5,,
9999,56058,super-shy,,5,,
9999,56085,am-gaming,,5,,
9999,56152,lithuanian-wolves,,5,,
9999,56280,la-masia,,5,,
9999,56394,xde-4,,5,,
9999,56396,qfire,,5,,
9999,56398,lan-posadka,,5,,
9999,56597,rawkus-cawkus,,5,,
9999,56684,armyanevabudhabi,,5,,
9999,56926,yinxing-gaming-white,,5,,
9999,9074,team-hungary,,5,,
9999,9076,team-netherlands,,5,,
9999,17862,team-bulgaria,,5,,
9999,21441,ghost-gaming,,5,,
9999,35492,selva,,5,12447,selva
9999,36371,entropiq,,5,,
9999,41295,players,,5,11711,players
9999,45907,team-fander,,5,,
9999,46482,arrow,,5,,
9999,48773,zomblers,,5,,
9999,49567,sega-dll,,5,,
9999,50866,let-her-cook,,5,,
9999,51985,showmakerz,,5,,
9999,52185,loading,,5,,
9999,53051,mcs-gaming,,5,,
9999,54351,skyfury,,5,,
9999,55165,master-one,,5,,
9999,55695,yyhut,,5,,
9999,55696,chervyachki,,5,,
9999,55716,prasso-clan,,5,,
9999,55755,shanghaisharks,,5,,
9999,55824,ex-daystar,,5,,
9999,55867,kyouasa,,5,,
9999,55911,woe-from-wit,,5,,
9999,55937,d1nk-esports,,5,,
9999,55939,elo-terrorists,,5,,
9999,55944,fusion-esports,,5,,
9999,56106,team-xdm,,5,,
9999,56277,shadowcore,,5,,
9999,56343,inputprayers,,5,,
9999,56393,suxari,,5,,
9999,56397,timacademy1st,,5,,
9999,56496,pig5,,5,,
9999,56560,asp-14,,5,,
9999,56596,pokemon-go,,5,,
9999,56602,solaris,,5,,
9999,56658,team-gelo,,5,,
9999,56681,based,,5,,
9999,56683,pirates52,,5,,
9999,56686,penguinss,,5,,
9999,56735,balloon-boys,,5,,
9999,56765,the-mongolz-academy,,5,,
9999,56826,r2,,5,13327,r2
9999,56906,bezos-bois,,5,,
9999,7441,lemondogs,,5,,
9999,14380,maxxpower,,5,,
9999,14519,ibuymemes,,5,,
9999,21615,fightclub,,5,,
9999,43284,holly-molly,,5,,
9999,44634,nutorious,,5,,
9999,44644,baks-esports,,5,,
9999,48311,troublemakers,,5,,
9999,51308,oxuji-esports,,5,,
9999,51907,xperion-nxt,,5,,
9999,52485,le-lux-esports,,5,,
9999,53735,zennox,,5,,
9999,53840,aka-hero,,5,,
9999,54111,yenkee-academy,,5,,
9999,55062,eternal-premium,,5,,
9999,55718,ctrl-alt-defeat,,5,,
9999,55736,cyber-empire,,5,,
9999,55851,yaarmag-house,,5,,
9999,55991,damajuana,,5,,
9999,56112,past-our-prime,,5,,
9999,56322,zerance,,5,,
9999,56335,myztro-gaming,,5,,
9999,56399,krasnoyarsk,,5,,
9999,56423,locally-hated,,5,,
9999,56424,drugs-n-pugs,,5,,
9999,56566,fut-turkuaz,,5,,
9999,56739,wings-of-freedom,,5,,
9999,56785,dog,,5,,
9999,56919,bad luck,,5,13342,bad-luck
9999,31685,oksucc,,5,,
9999,34669,pokamolodoy,,5,,
9999,39363,infernal-void,,5,,
9999,53861,aura,,5,,
9999,53959,x7-team,,5,,
9999,55363,team-gateron,,5,,
9999,55519,aka-hero-kajo,,5,,
9999,55680,dark-cloud-esports,,5,,
9999,55694,flame-sharks,,5,,
9999,55899,4-eyez,,5,,
9999,55993,luigi-s-mansion,,5,,
9999,56484,energyultra,,5,,
9999,56579,subtick,,5,,
9999,29196,m1-gaming,,5,,
9999,37717,megoshort,,5,11018,megoshort
9999,47014,brahmas,,5,,
9999,49811,sangrija,,5,,
9999,50435,change-the-game,,5,,
9999,50550,ikari,,5,,
9999,51909,banger-gang,,5,,
9999,52944,leon-esports,,5,,
9999,55410,alaska,,5,,
9999,55752,sangal-alters,,5,,
9999,55754,rolling-stone,,5,,
9999,56105,ursa,,5,,
9999,56578,girl-kissers,,5,,
9999,56581,ex-sabre-esports,,5,,
9999,56792,crashers,,5,6788,crashers
9999,41482,only-one-word,,5,,
9999,44376,uno-mille,,5,,
9999,46654,sojoga,,5,,
9999,48275,nordix-esport,,5,,
9999,50544,depo,,5,,
9999,51876,havens,,5,,
9999,51919,eefsports,,5,,
9999,54771,lycus-empire,,5,,
9999,55137,m1z,,5,,
9999,55186,plush,,5,,
9999,55903,mercenaires,,5,,
9999,55906,ninja,,5,,
9999,56943,preasy-mix,,5,,
9999,32537,devils-one,,5,,
9999,36632,retired5,,5,,
9999,42174,team-austria,,5,,
9999,42712,recognised-talent,,5,,
9999,45861,ence-academy,,5,,
9999,46365,portuguese-family,,5,,
9999,47138,sharks-youngsters,,5,,
9999,51195,vibe,,5,,
9999,51867,forze-youngsters,,5,,
9999,53022,kario-mart,,5,,
9999,54411,ozempic-5,,5,,
9999,54466,st4rboys,,5,,
9999,54529,impulse-gw,,5,,
9999,54741,america-esports,,5,,
9999,54766,also,,5,,
9999,55591,tropa-do-kingui,,5,,
9999,55708,virtual-cottage,,5,,
9999,55744,antarctica,,5,,
9999,55747,bounty hunters female,,5,,
9999,55961,hooligangsters,,5,,
9999,56352,vodka team,,5,,
9999,36800,maestro,,5,,
9999,48755,tsunami-esports,,5,,
9999,51413,subutai,,5,,
9999,51781,nouns-female,,5,,
9999,53030,kr%C3%BC-esports,,5,,
9999,53065,kronjyllands-esport,,5,,
9999,53813,caldya-esport,,5,,
9999,55514,ex-uhka-esports,,5,,
9999,55644,spray-and-slay,,5,,
9999,55962,northern-cossacks,,5,,
9999,56565,marius,,5,,
9999,56620,jersa-esports,,5,,
9999,38242,team-villainous,,5,,
9999,44426,quazar,,5,11312,quazar
9999,45026,ghoulsw,,5,,
9999,47040,grannys-knockers,,5,,
9999,47433,andromeda,,5,,
9999,48859,zotix,,5,,
9999,49780,standonbusiness,,5,,
9999,51806,regain,,5,,
9999,52180,abyss,,5,,
9999,55796,ex-heimo-esports,,5,,
9999,55889,elite-klan-vellamo,,5,,
9999,56714,misa,,5,,
9999,46545,underground-esc,,5,,
9999,54103,belfast-storm,,5,,
9999,54762,bestia academy,,5,,
9999,15057,godsent,,5,,
9999,33755,newballs,,5,,
9999,35972,NAVI youth,,5,,
9999,36669,1dayheroes,,5,,
9999,48016,premdesant,,5,,
9999,52337,questionmark,,5,,
9999,52591,lan-party-hotel,,5,,
9999,53910,genesis,,5,,
9999,54117,annex,,5,,
9999,54608,db-peek-esports,,5,,
9999,54996,just-swing,,5,,
9999,55085,nomercy,,5,,
9999,55715,straight2killin,,5,,
9999,56090,atrivm,,5,,
9999,13637,esuba,,5,,
9999,37314,astralis-talent,,5,,
9999,48598,exusiai,,5,,
9999,50188,gods-reign,,5,,
9999,50579,akimbo,,5,12567,akimbo
9999,53201,interdit,,5,,
9999,53289,full-house-gaming,,5,,
9999,54233,housebets,,5,,
9999,55268,unsettled-resentment,,5,,
9999,55757,seoul,,5,,
9999,56040,true-synergy-gaming,,5,,
9999,36387,los-kogutos,,5,,
9999,36954,reveal,,5,,
9999,44440,quem-sao-elas,,5,,
9999,53753,lachampionsliga,,5,,
9999,53764,victores-sumus,,5,,
9999,54179,thekillaz,,5,,
9999,56176,sabre,,5,,
9999,56506,modeame,,5,13290,modeame
9999,14196,gameagents,,5,,
9999,34646,legion-gaming,,5,,
9999,42415,bad-news-capybaras,,5,,
9999,35508,wild-multigaming,,5,,
9999,36971,777,,5,,
9999,41979,72c,,5,,
9999,42907,e9,,5,,
9999,54167,nitro-gg,,5,,
9999,55679,super-evil-gang,,5,,
9999,55717,cs2news-ladies,,5,,
9999,55771,akuma,,5,,
9999,31280,hyperion,,5,,
9999,43235,linx legacy,,5,,
9999,49579,qmistry,,5,13245,qmistry
9999,54381,20-70,,5,,
9999,55586,mega-juners,,5,,
9999,30741,myinsanity,,5,,
9999,50676,wave-esports,,5,,
9999,52388,oddik academy,,5,,
9999,54674,fisher-college,,5,12769,fisher-college
9999,28310,illuminar-gaming,,5,,
9999,37301,9z academy,,5,,
9999,41310,the,,5,,
9999,50977,back2thegame,,5,,
9999,54774,northern lights,,5,13049,northern-lights
9999,55038,delta,,5,,
9999,48096,roundsgg,,5,,
9999,55187,voltant,,5,,
9999,55543,messitas,,5,,
9999,30819,gtz-esports,,5,,
9999,43297,eternal-fire-academy,,5,,
9999,49998,preasy,,5,12334,preasy
9999,51376,metizport-x,,5,,
9999,36662,sissi-state-punks,,5,,
9999,39263,northern-legacy,,5,,
9999,55910,skinvault-gaming,,5,,
9999,23619,infurity-gaming,,5,,
9999,32384,coluant,,5,,
9999,44335,nalakuvara-gaming,,5,,
9999,49442,the-last-resort,,5,,
9999,54379,copenhagen-wolves-academy,,5,,
9999,55585,brave-bears,,5,,
9999,41160,doxa-gaming,,5,,
9999,9605,peep,,5,12877,peep
9999,55486,looking4org,,5,,
9999,49575,dxa-esports,,5,,
9999,8677,snogard-dragons,,5,,
9999,46900,center-gaming,,5,,
9999,56178,abyss-team,,5,,
9999,50525,vantage-esports,,5,,
9999,41913,vanir,,5,,
9999,50912,capivaras,,5,,
9999,55746,nyx-empyre,,5,,
9999,21908,nomads,,5,,
9999,36682,unity,,5,12267,unity
9999,52414,underground,,5,,
9999,37333,anonymo-esports,,5,,
9999,37432,foxed-gaming,,5,,
9999,50361,martians,,5,,
9999,55491,justice-for-tomorrow,,5,,
9999,47246,viperio,,5,,
9999,50177,mantra,,5,,
9999,51179,might,,5,12483,might
9999,55436,golden-horde,,5,,
9999,55485,harizma,,5,,
9999,40559,glore,,5,,
9999,46254,jano-esports,,5,,
9999,44281,velox-argentina,,5,,
9999,37065,infinite-gaming,,5,,
9999,30330,incontrol,,5,7720,incontrol
9999,31066,lilmix,,5,,
9999,25684,5balls,,5,,
9999,25299,dark-tigers,,5,,
9999,43784,floripa-stars,,5,,
9999,33321,peeker-s-advantage,,5,,
9999,51637,the-qube-esports,,5,,
9999,22719,ha-masse,,5,,
9999,32790,royal,,5,,
9999,18961,LPH,,5,13279,lph
9999,,ex heroic academy,,5,13431,ex-heroic-academy
